country_or_area,year,Biogases - Final energy consumption,Direct use of geothermal heat - Final energy consumption,Electricity - Gross demand,Electricity - Gross production,Electricity - total hydro production,Electricity - total nuclear production,Electricity - total solar production,Electricity - total wind production,Gas Oil/ Diesel Oil - Final energy consumption,Hard coal - final energy consumption,Heat - Final energy consumption,Liquified Petroleum Gas (LPG) - Final energy consumption,Motor Gasoline - Final energy consumption,Natural Gas (including LNG) - final energy consumption,Petroleum Coke - Final energy consumption,value
Australia,1991,,,146470.0,156818.0,16103.0,,,,7463.0,2631.0,,1039.0,12389.0,391025.0,,418674.057493862
Australia,1992,,,148523.0,159545.0,15768.0,,,,7651.0,2617.0,,1233.0,12451.0,399910.0,,423080.108191254
Australia,1993,,,152606.0,163650.0,16953.0,,11.0,,7923.0,2491.0,,1365.0,12552.0,410311.0,,423764.932564252
Australia,1994,,,156615.0,167463.0,16649.0,,13.0,4.0,8188.0,2602.0,,1507.0,12776.0,428827.0,,424092.95937256
Australia,1995,,,161732.0,173159.0,16239.0,,16.0,7.0,8447.0,2423.0,,1714.0,12957.0,450273.0,,433478.650825855
Australia,1996,,,165963.0,177598.0,15731.0,,19.0,7.0,9053.0,2197.0,,1856.0,13054.0,458147.0,,439803.962228252
Australia,1997,,,171242.0,182939.0,16852.0,,23.0,7.0,9491.0,2327.0,,1895.0,13069.0,464465.0,,451721.717814666
Australia,1998,,,182365.0,195369.0,15733.0,,28.0,8.0,9660.0,2216.0,,1971.0,13102.0,481170.0,,466382.112471814
Australia,1999,,,189494.0,203987.0,16563.0,,34.0,28.0,10015.0,2209.0,,2021.0,13306.0,489648.0,,472245.9907776
Australia,2000,,,194832.0,210224.0,16720.0,,38.0,58.0,10356.0,2255.0,,2082.0,13618.0,513977.0,,483445.826664823
Australia,2001,,,206186.0,224635.0,16933.0,,44.0,210.0,10449.0,2166.0,,2111.0,13023.0,543131.0,,491441.695937142
Australia,2002,,,212804.0,227555.0,16054.0,,50.0,364.0,10857.0,1515.0,,1746.0,13760.0,533443.0,,494740.100776734
Australia,2003,290.0,,208306.0,222121.0,16490.0,,59.0,703.0,11339.0,1964.0,,1807.0,13896.0,553550.0,1.0,495154.085966803
Australia,2004,349.0,,215609.0,229784.0,16331.0,,69.0,705.0,11687.0,2056.0,,1810.0,14694.0,562942.0,1.0,511710.242020824
Australia,2005,679.0,,214012.0,228650.0,15612.0,,79.0,885.0,12367.0,2016.0,,1692.0,14242.0,541271.0,0.0,518850.759462375
Australia,2006,854.0,,218215.0,232830.0,16029.0,,91.0,1713.0,12360.0,1948.0,,2057.0,13947.0,541447.0,0.0,522517.191663285
Australia,2007,870.0,,226764.0,243157.0,14517.0,,109.0,2611.0,13266.0,1987.0,,1776.0,14135.0,563868.0,0.0,529842.870342484
Australia,2008,928.0,,227821.0,243221.0,12057.0,,127.0,3093.0,14021.0,2037.0,,1709.0,14071.0,563656.0,1.0,533693.508207377
Australia,2009,883.0,,232028.0,248754.0,11869.0,,160.0,3824.0,13963.0,1954.0,,1479.0,14188.0,547423.0,0.0,537889.892623617
Australia,2010,1003.0,,237339.0,252698.0,13549.0,,426.0,5052.0,14696.0,1669.0,,1704.0,14162.0,551439.0,0.0,533917.43629539
Australia,2011,952.0,,240790.0,253958.0,16807.0,,1530.0,6085.0,15455.0,1613.0,,1694.0,14390.0,555829.0,0.0,534089.798684709
Australia,2012,1649.0,,236716.0,251165.0,14083.0,,2559.0,6970.0,16356.0,1520.0,,1692.0,14133.0,558960.0,,537377.571452805
Australia,2013,2249.0,,235703.0,249720.0,18270.0,,3826.0,7960.0,17268.0,1509.0,,1670.0,14095.0,579331.0,,526882.667266593
Austria,1991,,151.0,48793.0,51483.0,32745.0,,,,3842.0,425.0,30499.0,153.0,2791.0,134280.0,30.0,82636.9034660686
Austria,1992,,151.0,48197.0,51190.0,36099.0,,,,3858.0,410.0,29380.0,158.0,2677.0,139598.0,27.0,75930.9957651566
Austria,1993,77.0,117.0,49073.0,52421.0,37756.0,,1.0,,4193.0,418.0,32911.0,165.0,2570.0,142272.0,23.0,75988.2270431512
Austria,1994,88.0,118.0,49596.0,53132.0,36729.0,,1.0,,4226.0,365.0,31885.0,172.0,2481.0,140583.0,12.0,76503.4852878471
Austria,1995,49.0,141.0,50979.0,56225.0,38114.0,,1.0,1.0,4518.0,401.0,35515.0,164.0,2393.0,159064.0,13.0,79813.0345359956
Austria,1996,36.0,178.0,52515.0,54880.0,35522.0,,1.0,5.0,5517.0,462.0,45030.0,150.0,2220.0,171356.0,10.0,83008.8063000899
Austria,1997,5.0,183.0,53069.0,56704.0,37124.0,,2.0,20.0,5276.0,521.0,40479.0,131.0,2105.0,172088.0,15.0,82474.3920310851
Austria,1998,7.0,245.0,54039.0,57001.0,38254.0,,2.0,45.0,5813.0,494.0,42213.0,144.0,2204.0,175781.0,20.0,81770.8395563128
Austria,1999,458.0,189.0,55167.0,60944.0,41727.0,,2.0,51.0,5729.0,391.0,43264.0,145.0,2055.0,180349.0,35.0,80106.7171759132
Austria,2000,504.0,206.0,55750.0,61257.0,43219.0,,3.0,67.0,5964.0,391.0,42698.0,151.0,1981.0,184058.0,24.0,80429.3433929845
Austria,2001,392.0,190.0,58338.0,62449.0,41837.0,,5.0,105.0,6461.0,363.0,45654.0,143.0,1990.0,208079.0,20.0,84380.8068854374
Austria,2002,329.0,310.0,58074.0,62499.0,42020.0,,9.0,140.0,6912.0,322.0,45224.0,166.0,2145.0,200842.0,66.0,86129.5464386255
Austria,2003,318.0,240.0,60058.0,60174.0,35292.0,,15.0,372.0,7564.0,279.0,48382.0,176.0,2196.0,211420.0,68.0,92018.4811411606
Austria,2004,358.0,240.0,61320.0,64151.0,38966.0,,18.0,934.0,7706.0,275.0,51723.0,174.0,2160.0,216685.0,99.0,91835.8942410282
Austria,2005,793.0,270.0,62865.0,66409.0,39020.0,,21.0,1331.0,8170.0,264.0,56645.0,171.0,2078.0,215864.0,65.0,92810.4871969534
Austria,2006,583.0,263.0,65595.0,64499.0,38238.0,,22.0,1752.0,7815.0,341.0,55671.0,179.0,2008.0,213799.0,43.0,89981.0212829735
Austria,2007,705.0,237.0,66706.0,64757.0,39248.0,,24.0,2037.0,7740.0,309.0,55993.0,159.0,1965.0,203955.0,36.0,87241.1545305627
Austria,2008,671.0,254.0,66144.0,66877.0,40690.0,,30.0,2011.0,7738.0,254.0,62689.0,151.0,1836.0,211305.0,40.0,87101.134677129
Austria,2009,664.0,281.0,63266.0,69088.0,43669.0,,49.0,1954.0,7415.0,214.0,64350.0,143.0,1846.0,199925.0,32.0,80190.6514378182
Austria,2010,668.0,321.0,65906.0,71128.0,41558.0,,89.0,2064.0,7647.0,178.0,77127.0,160.0,1825.0,216139.0,47.0,84946.0197097698
Austria,2011,1071.0,278.0,65836.0,65813.0,37782.0,,174.0,1936.0,7321.0,171.0,72864.0,137.0,1761.0,205460.0,62.0,82626.6380188969
Austria,2012,1574.0,346.0,66788.0,72617.0,47705.0,,337.0,2462.0,7298.0,175.0,77207.0,121.0,1734.0,203798.0,53.0,79897.1151021792
Austria,2013,1598.0,329.0,66757.0,68277.0,45777.0,,582.0,3152.0,7652.0,174.0,79891.0,99.0,1670.0,212237.0,52.0,80042.5418408096
Belarus,1992,,,41044.0,37595.0,17.0,,,,2725.0,1112.0,387440.0,339.0,332.0,113155.0,,116588.686464578
Belarus,1993,,,36602.0,33369.0,19.0,,,,2890.0,1181.0,357133.0,334.0,43.0,105135.0,,103951.525256019
Belarus,1994,,,32702.0,31397.0,19.0,,,,,868.0,292650.0,357.0,,86564.0,,88206.3567402
Belarus,1995,,,29847.0,24918.0,20.0,,,,1746.0,807.0,258369.0,340.0,,82745.0,,80369.782345399
Belarus,1996,,,30101.0,23728.0,16.0,,,,1860.0,778.0,291625.0,314.0,1279.0,91100.0,,82375.194219344
Belarus,1997,,,31479.0,26057.0,21.0,,,,1847.0,221.0,297082.0,309.0,1231.0,98374.0,,86282.505937182
Belarus,1998,,,32095.0,23492.0,28.0,,,,1924.0,239.0,288432.0,284.0,1269.0,105888.0,,82668.831561971
Belarus,1999,,,31564.0,26516.0,19.0,,,0.0,1813.0,165.0,276889.0,266.0,1127.0,109665.0,,79497.84205671
Belarus,2000,,,31194.0,26095.0,20.0,,,0.0,1751.0,193.0,243023.0,278.0,987.0,106697.0,,77959.724959323
Belarus,2001,,,31195.0,25042.0,30.0,,,0.0,1649.0,147.0,257126.0,249.0,884.0,108316.0,,77921.8275915
Belarus,2002,,,30864.0,26455.0,28.0,,,0.0,1591.0,115.0,240139.0,222.0,878.0,113624.0,,76683.86788515
Belarus,2003,,,31311.0,26627.0,28.0,,,0.0,1736.0,99.0,252527.0,221.0,960.0,122393.0,,79158.718822027
Belarus,2004,,,32141.0,31210.0,33.0,,,1.0,1804.0,78.0,247622.0,226.0,965.0,129259.0,,83688.299567336
Belarus,2005,,,32712.0,30961.0,36.0,,,1.0,2043.0,63.0,246583.0,224.0,1033.0,132452.0,,85596.098699522
Belarus,2006,,,33796.0,31811.0,35.0,,,1.0,2324.0,57.0,247321.0,234.0,1121.0,138464.0,,89449.655446278
Belarus,2007,0.0,,33923.0,31829.0,35.0,,,1.0,2367.0,40.0,229602.0,254.0,1094.0,147532.0,,88920.641948088
Belarus,2008,1.0,,34619.0,35048.0,39.0,,,1.0,2765.0,31.0,218110.0,268.0,1137.0,154153.0,,92364.348971776
Belarus,2009,1.0,,32717.0,30376.0,44.0,,,1.0,2600.0,34.0,218205.0,234.0,1094.0,149419.0,,89223.65625899
Belarus,2010,12.0,,35331.0,34895.0,45.0,,,1.0,2763.0,30.0,232835.0,221.0,1109.0,160358.0,,91183.549358156
Belarus,2011,12.0,,35565.0,32200.0,42.0,,,1.0,3088.0,50.0,216590.0,227.0,1074.0,157385.0,,91671.727009572
Belarus,2012,37.0,,36197.0,30799.0,70.0,,,6.0,3159.0,316.0,224471.0,215.0,1087.0,163954.0,,90925.114581937
Belarus,2013,44.0,,35688.0,31507.0,138.0,,,8.0,3309.0,508.0,219683.0,191.0,1121.0,164579.0,,93037.24544666
Belgium,1991,243.0,,65288.0,71936.0,979.0,42861.0,,8.0,8978.0,1741.0,9763.0,317.0,2738.0,313496.0,193.0,148825.699408439
Belgium,1992,210.0,,67408.0,72225.0,1156.0,43456.0,,9.0,9145.0,1499.0,9597.0,385.0,2903.0,315514.0,224.0,148384.726816956
Belgium,1993,199.0,,68317.0,70834.0,1020.0,41927.0,,8.0,9119.0,1403.0,9157.0,355.0,2839.0,332114.0,180.0,147393.394631085
Belgium,1994,352.0,,71392.0,72179.0,1184.0,40624.0,,9.0,9408.0,1450.0,9037.0,344.0,2839.0,338838.0,164.0,151882.372526596
Belgium,1995,288.0,,73502.0,74408.0,1230.0,41356.0,,9.0,9645.0,1243.0,9414.0,312.0,2833.0,368900.0,159.0,154020.293703539
Belgium,1996,283.0,,75239.0,76099.0,1200.0,43336.0,,8.0,10674.0,1289.0,10400.0,395.0,2739.0,411547.0,267.0,157656.68711628
Belgium,1997,313.0,,77012.0,78833.0,1277.0,47408.0,,8.0,10942.0,1385.0,11381.0,409.0,2535.0,383241.0,266.0,149163.455913832
Belgium,1998,309.0,,79366.0,83183.0,1497.0,46165.0,,11.0,10963.0,1205.0,13574.0,405.0,2512.0,402415.0,204.0,154340.392867866
Belgium,1999,203.0,,80176.0,84514.0,1489.0,49017.0,,13.0,10682.0,1135.0,16245.0,350.0,2394.0,416228.0,248.0,148062.443619472
Belgium,2000,127.0,,82955.0,84012.0,1699.0,48157.0,,16.0,10488.0,1198.0,20592.0,377.0,2245.0,439428.0,540.0,149213.017245465
Belgium,2001,421.0,,83702.0,79821.0,1644.0,46349.0,,37.0,11146.0,1290.0,20241.0,299.0,2186.0,442351.0,258.0,147626.133486262
Belgium,2002,401.0,,84210.0,82069.0,1490.0,47360.0,,57.0,10625.0,715.0,19873.0,295.0,2087.0,451792.0,315.0,147240.36528013
Belgium,2003,320.0,,85822.0,84630.0,1316.0,47379.0,,88.0,11329.0,561.0,21397.0,213.0,2105.0,449061.0,295.0,147579.069694206
Belgium,2004,204.0,,87811.0,85643.0,1607.0,47312.0,1.0,142.0,11803.0,579.0,21754.0,207.0,1932.0,463252.0,148.0,148971.404765463
Belgium,2005,1040.0,,87925.0,87025.0,1604.0,47595.0,1.0,227.0,11749.0,547.0,17940.0,190.0,1762.0,442540.0,192.0,144803.082030313
Belgium,2006,477.0,,90444.0,85617.0,1628.0,46645.0,2.0,366.0,11223.0,459.0,19873.0,174.0,1465.0,465172.0,167.0,141046.707506786
Belgium,2007,156.0,,90165.0,88820.0,1683.0,48227.0,6.0,491.0,10557.0,482.0,17109.0,325.0,1394.0,449738.0,131.0,136451.339269181
Belgium,2008,354.0,,90209.0,84930.0,1757.0,45568.0,42.0,637.0,12086.0,616.0,19813.0,232.0,1458.0,454703.0,97.0,138749.626056865
Belgium,2009,1466.0,,83806.0,91225.0,1757.0,47222.0,166.0,996.0,11240.0,673.0,23979.0,211.0,1420.0,431068.0,90.0,125811.802030467
Belgium,2010,1210.0,,90251.0,95189.0,1668.0,47944.0,560.0,1292.0,12013.0,690.0,26791.0,327.0,1294.0,499546.0,73.0,133258.405661738
Belgium,2011,1707.0,,87567.0,90241.0,1423.0,48234.0,1169.0,2312.0,11229.0,561.0,26255.0,354.0,1301.0,395787.0,80.0,122833.395512317
Belgium,2012,2409.0,,87998.0,82923.0,1659.0,40295.0,2148.0,2751.0,10732.0,550.0,22302.0,337.0,1220.0,421837.0,86.0,118761.338189887
Belgium,2013,3319.0,,88097.0,83526.0,1723.0,42644.0,2644.0,3687.0,10999.0,746.0,23234.0,335.0,1224.0,448452.0,73.0,119375.301515447
Canada,1991,,,474490.0,508572.0,308375.0,84930.0,,,18175.0,1254.0,30799.0,2063.0,24125.0,1877356.0,196.0,611861.12927
Canada,1992,,,479327.0,520390.0,316489.0,80582.0,2.0,59.0,18275.0,1240.0,22942.0,2276.0,24462.0,1965194.0,275.0,625134.003492663
Canada,1993,,,488572.0,532228.0,323667.0,93937.0,3.0,59.0,19121.0,1127.0,16795.0,1988.0,25006.0,2037987.0,333.0,631353.636876568
Canada,1994,,,494576.0,555784.0,329945.0,107834.0,3.0,59.0,20339.0,1226.0,23129.0,2016.0,25715.0,2108636.0,356.0,652999.137826791
Canada,1995,,,506766.0,560116.0,336034.0,97844.0,4.0,59.0,20752.0,1254.0,29655.0,2407.0,25764.0,2168512.0,350.0,688384.405366886
Canada,1996,,,518268.0,573040.0,355758.0,92767.0,6.0,62.0,21878.0,1297.0,28335.0,2131.0,26089.0,2313640.0,349.0,690743.642261192
Canada,1997,,,520449.0,573711.0,350809.0,82528.0,7.0,62.0,22775.0,1315.0,24834.0,2225.0,26727.0,2277430.0,263.0,702636.426437771
Canada,1998,,,516533.0,561760.0,332001.0,71511.0,10.0,62.0,22143.0,1357.0,28727.0,1948.0,27464.0,2114539.0,304.0,728148.99665231
Canada,1999,,,530347.0,579056.0,345874.0,73491.0,13.0,164.0,23015.0,1382.0,33070.0,1870.0,28167.0,2183338.0,309.0,729415.115205006
Canada,2000,,,550811.0,605707.0,358620.0,72799.0,16.0,264.0,23864.0,1542.0,33981.0,1943.0,28178.0,2295301.0,263.0,745991.030964409
Canada,2001,,,547185.0,589891.0,333430.0,76695.0,19.0,337.0,22697.0,1449.0,35714.0,2047.0,28526.0,2109699.0,306.0,737198.311959851
Canada,2002,,,561867.0,601269.0,350665.0,75526.0,22.0,408.0,22142.0,1349.0,35933.0,1795.0,29106.0,2263994.0,378.0,752124.480865682
Canada,2003,,,563541.0,589653.0,337556.0,74892.0,23.0,826.0,22830.0,1365.0,39354.0,1677.0,29568.0,2315191.0,0.0,766107.894942836
Canada,2004,,,569498.0,599976.0,340946.0,90387.0,13.0,954.0,23361.0,1506.0,39134.0,1747.0,30130.0,2281080.0,0.0,769691.185364662
Canada,2005,,,578172.0,621705.0,362031.0,92040.0,17.0,1567.0,26079.0,1454.0,38613.0,1846.0,30254.0,2018769.0,916.0,753897.578284867
Canada,2006,,,570451.0,607470.0,352963.0,97964.0,21.0,2473.0,25767.0,1656.0,36747.0,1908.0,30253.0,1920743.0,969.0,746308.214382233
Canada,2007,428.0,,575831.0,626521.0,367695.0,93482.0,26.0,3007.0,27169.0,2213.0,36499.0,2113.0,31959.0,1997907.0,994.0,766021.806890764
Canada,2008,428.0,,577875.0,629473.0,377561.0,96020.0,35.0,3788.0,26100.0,1619.0,34864.0,1552.0,31727.0,1978797.0,959.0,743519.658507859
Canada,2009,428.0,,554446.0,606346.0,368762.0,90091.0,5.0,6641.0,23980.0,1429.0,39492.0,1401.0,32240.0,1868930.0,883.0,702098.419634983
Canada,2010,1760.0,,552541.0,595951.0,351461.0,90658.0,117.0,8724.0,26093.0,1497.0,19478.0,1497.0,33357.0,1826403.0,747.0,718178.080242569
Canada,2011,1761.0,,574075.0,629901.0,375797.0,93589.0,260.0,10187.0,27541.0,1761.0,26773.0,1650.0,33621.0,1974732.0,777.0,722862.506881868
Canada,2012,1832.0,,567179.0,632921.0,380340.0,94862.0,319.0,11310.0,26982.0,1670.0,28988.0,1900.0,33789.0,1906909.0,811.0,729475.888683575
Canada,2013,3005.0,,589217.0,660795.0,391861.0,103439.0,1499.0,17963.0,27294.0,1194.0,28679.0,1559.0,34693.0,2055791.0,742.0,737423.135272495
Croatia,1992,,,11309.0,8902.0,4349.0,,,,878.0,83.0,10255.0,95.0,511.0,35568.0,3.0,22538.033900319
Croatia,1993,,,11239.0,9564.0,4550.0,,,,895.0,68.0,9806.0,94.0,497.0,39911.0,,22658.2944835065
Croatia,1994,,,11525.0,8773.0,5435.0,,,,973.0,60.0,9336.0,91.0,545.0,40884.0,2.0,21712.7639767596
Croatia,1995,,,11960.0,9276.0,5683.0,,,,1029.0,46.0,10440.0,94.0,575.0,41770.0,,22296.1672493651
Croatia,1996,,,12590.0,11173.0,7863.0,,,,995.0,61.0,10913.0,82.0,600.0,45927.0,,22882.9631499268
Croatia,1997,,,13250.0,10248.0,5864.0,,,,1176.0,56.0,10230.0,105.0,678.0,48328.0,15.0,24126.2737653358
Croatia,1998,,,13790.0,11462.0,6030.0,,,,1196.0,63.0,9532.0,95.0,737.0,49685.0,19.0,24459.7108462523
Croatia,1999,,,14154.0,12979.0,7329.0,,,,1279.0,55.0,9877.0,91.0,782.0,50329.0,18.0,25519.0833654255
Croatia,2000,,,14274.0,11281.0,6471.0,,,0.0,1332.0,53.0,8921.0,89.0,784.0,46546.0,20.0,25172.9628559273
Croatia,2001,,,14841.0,12809.0,7219.0,,,0.0,1388.0,69.0,10014.0,94.0,754.0,51338.0,16.0,26394.0456777833
Croatia,2002,,,15181.0,12772.0,5918.0,,,0.0,1477.0,78.0,9733.0,99.0,758.0,48906.0,12.0,27420.0965723045
Croatia,2003,,,15927.0,13252.0,5518.0,,,0.0,1647.0,126.0,10625.0,101.0,756.0,52577.0,6.0,28782.8213260193
Croatia,2004,,,16359.0,13990.0,7720.0,,,2.0,1704.0,254.0,10410.0,107.0,723.0,54671.0,67.0,28875.9847673693
Croatia,2005,,,16958.0,13162.0,7141.0,,,10.0,1761.0,169.0,10781.0,116.0,709.0,57014.0,172.0,29285.7515786302
Croatia,2006,,,17398.0,13047.0,6741.0,,,19.0,1814.0,151.0,9598.0,142.0,710.0,55487.0,215.0,29555.682228908
Croatia,2007,,140.0,17830.0,12709.0,4864.0,,0.0,35.0,1871.0,185.0,9120.0,154.0,724.0,55594.0,200.0,30972.9120898759
Croatia,2008,,134.0,18229.0,12891.0,5891.0,,0.0,40.0,1855.0,196.0,9495.0,186.0,695.0,58643.0,192.0,29825.9471994577
Croatia,2009,,132.0,17915.0,13455.0,7494.0,,0.0,54.0,1784.0,159.0,9550.0,182.0,691.0,56893.0,140.0,27909.1256955995
Croatia,2010,,285.0,18248.0,14902.0,9232.0,,0.0,139.0,1720.0,168.0,10277.0,163.0,650.0,59704.0,116.0,27280.229834957
Croatia,2011,,287.0,17922.0,11373.0,5162.0,,0.0,201.0,1674.0,164.0,9976.0,150.0,635.0,55065.0,94.0,26773.8263390969
Croatia,2012,,291.0,17596.0,10755.0,4999.0,,2.0,329.0,1584.0,146.0,9585.0,144.0,590.0,48880.0,94.0,24734.6498197466
Croatia,2013,,286.0,17379.0,14052.0,8727.0,,11.0,517.0,1597.0,125.0,9678.0,144.0,576.0,46207.0,146.0,23770.5527686019
Cyprus,1991,,,2032.0,2077.0,,,,,311.0,15.0,,49.0,161.0,,83.0,6121.529001151
Cyprus,1992,,,2291.0,2430.0,,,,,369.0,26.0,,55.0,172.0,,85.0,6559.3306354766
Cyprus,1993,,,2453.0,2590.0,,,,,389.0,31.0,,51.0,175.0,,114.0,6858.74068732256
Cyprus,1994,,,2552.0,2685.0,,,,,402.0,27.0,,50.0,180.0,,112.0,7103.13267836446
Cyprus,1995,,,2352.0,2497.0,,,,,438.0,20.0,,51.0,183.0,,125.0,7046.93261063203
Cyprus,1996,,,2464.0,2609.0,,,,,459.0,17.0,,51.0,186.0,,147.0,7343.53788019567
Cyprus,1997,,,2576.0,2728.0,,,,,483.0,19.0,,52.0,191.0,,152.0,7473.09509160237
Cyprus,1998,,,2811.0,2991.0,,,,,514.0,26.0,,50.0,195.0,,151.0,7799.55925734513
Cyprus,1999,,,2986.0,3139.0,,,,,525.0,30.0,,49.0,203.0,,154.0,8059.08339104404
Cyprus,2000,,,3205.0,3370.0,,,,,541.0,49.0,,53.0,206.0,,141.0,8326.88573407511
Cyprus,2001,0.0,,3364.0,3551.0,,,,,548.0,53.0,,53.0,219.0,,133.0,8282.54807082145
Cyprus,2002,0.0,,3574.0,3785.0,,,,,526.0,53.0,,54.0,228.0,,139.0,8519.08140283278
Cyprus,2003,0.0,,3830.0,4052.0,,,,,541.0,53.0,,58.0,252.0,,137.0,8914.58309273857
Cyprus,2004,0.0,,3975.0,4201.0,,,,,525.0,57.0,,56.0,282.0,,146.0,9144.37142221279
Cyprus,2005,0.0,,4131.0,4377.0,,,1.0,0.0,503.0,52.0,,53.0,303.0,,154.0,9307.98055927861
Cyprus,2006,1.0,,4397.0,4652.0,,,1.0,0.0,496.0,54.0,,54.0,323.0,,146.0,9567.54719307495
Cyprus,2007,6.0,9.0,4606.0,4871.0,,,2.0,0.0,498.0,49.0,,55.0,352.0,,143.0,9913.23461665865
Cyprus,2008,0.0,11.0,4806.0,5079.0,,,3.0,0.0,485.0,40.0,,53.0,373.0,,152.0,10093.2699679916
Cyprus,2009,65.0,15.0,4949.0,5215.0,,,4.0,0.0,470.0,21.0,4.0,55.0,383.0,,144.0,9872.18368832317
Cyprus,2010,105.0,32.0,5100.0,5322.0,,,7.0,31.0,464.0,26.0,5.0,53.0,390.0,,116.0,9571.65722046227
Cyprus,2011,176.0,44.0,4698.0,4929.0,,,12.0,114.0,460.0,12.0,31.0,59.0,385.0,,100.0,9296.16313035284
Cyprus,2012,193.0,62.0,4543.0,4717.0,,,22.0,185.0,414.0,0.0,31.0,59.0,372.0,,94.0,8769.36602589842
Cyprus,2013,177.0,62.0,4119.0,4290.0,,,47.0,231.0,349.0,0.0,42.0,52.0,349.0,,135.0,8020.09846997047
Czechia,1992,,,52008.0,59293.0,1638.0,12250.0,,,2876.0,3191.0,125705.0,90.0,1412.0,208228.0,,172740.62628144
Czechia,1993,,,52566.0,58881.0,1596.0,12627.0,,,2801.0,2613.0,139154.0,62.0,1348.0,212787.0,,164865.692577199
Czechia,1994,,,53972.0,58705.0,1776.0,12977.0,,,2596.0,2050.0,136347.0,75.0,1568.0,212846.0,,156919.265024264
Czechia,1995,,,56923.0,60847.0,2274.0,12230.0,,,2270.0,2343.0,153411.0,97.0,1637.0,239440.0,,157350.40343243
Czechia,1996,,,59300.0,64257.0,2403.0,12850.0,,,2163.0,1771.0,165728.0,74.0,1843.0,268903.0,8.0,159496.56013386
Czechia,1997,,,58251.0,64598.0,2080.0,12494.0,,,2107.0,1790.0,153059.0,140.0,1841.0,283990.0,1.0,155548.726287072
Czechia,1998,,,57149.0,65112.0,1884.0,13178.0,,,2436.0,2262.0,132784.0,136.0,1816.0,287922.0,17.0,149574.351299437
Czechia,1999,104.0,,56099.0,64694.0,2216.0,13357.0,,,2372.0,1476.0,123844.0,143.0,1924.0,284941.0,8.0,140428.949751359
Czechia,2000,82.0,,57248.0,73466.0,2313.0,13590.0,,,2547.0,1711.0,109848.0,181.0,1858.0,275184.0,15.0,149753.57653768
Czechia,2001,116.0,,58685.0,74647.0,2467.0,14749.0,,,2763.0,1936.0,116955.0,201.0,1901.0,300052.0,13.0,149273.387344918
Czechia,2002,96.0,,58527.0,76348.0,2845.0,18738.0,,2.0,2885.0,1525.0,110601.0,175.0,1926.0,288028.0,18.0,145622.965867921
Czechia,2003,884.0,,59894.0,83227.0,1794.0,25872.0,,4.0,3117.0,845.0,111074.0,173.0,2100.0,293964.0,8.0,148967.238483566
Czechia,2004,969.0,,61472.0,84333.0,2562.0,26325.0,,10.0,3358.0,1328.0,109461.0,174.0,2092.0,288912.0,6.0,149733.015180822
Czechia,2005,867.0,,62691.0,82578.0,3027.0,24728.0,,21.0,3779.0,1429.0,103742.0,156.0,2055.0,287698.0,5.0,147600.476572277
Czechia,2006,1021.0,,64307.0,84361.0,3257.0,26046.0,1.0,49.0,3928.0,1406.0,96862.0,134.0,2012.0,285981.0,4.0,149389.776089742
Czechia,2007,1081.0,,64661.0,88198.0,2523.0,26172.0,2.0,125.0,4110.0,1345.0,95186.0,114.0,2098.0,273380.0,3.0,150213.502592063
Czechia,2008,1249.0,,65132.0,83518.0,2376.0,26551.0,13.0,245.0,4203.0,1229.0,93315.0,109.0,2070.0,271954.0,,145567.080699127
Czechia,2009,1566.0,,61592.0,82250.0,2982.0,27208.0,89.0,288.0,4135.0,1055.0,86728.0,95.0,2041.0,253026.0,,137086.77903594
Czechia,2010,2284.0,,63713.0,85910.0,3380.0,27998.0,616.0,335.0,4026.0,478.0,94171.0,90.0,1858.0,291235.0,,139148.951861755
Czechia,2011,2946.0,,63031.0,87561.0,2664.0,28283.0,2182.0,397.0,4123.0,588.0,87899.0,89.0,1791.0,262516.0,,137948.618700005
Czechia,2012,4146.0,,62978.0,87573.0,2860.0,30324.0,2149.0,416.0,4104.0,688.0,93219.0,106.0,1669.0,252201.0,,133778.906336159
Czechia,2013,5626.0,,62746.0,87065.0,3639.0,30745.0,2033.0,481.0,4137.0,622.0,91425.0,114.0,1570.0,258017.0,,129786.733647197
Denmark,1991,213.0,,32356.0,36545.0,25.0,,,740.0,4016.0,661.0,83691.0,88.0,1681.0,58574.0,143.0,82163.9325216713
Denmark,1992,132.0,,32571.0,30738.0,28.0,,,915.0,3754.0,590.0,83710.0,81.0,1765.0,60548.0,142.0,76260.9911320547
Denmark,1993,114.0,,33144.0,33974.0,28.0,,,1034.0,3876.0,623.0,88875.0,82.0,1811.0,68643.0,146.0,78138.1930583691
Denmark,1994,116.0,,33408.0,40578.0,33.0,,,1137.0,3743.0,594.0,89204.0,82.0,1874.0,70198.0,125.0,82064.6645053473
Denmark,1995,265.0,,33900.0,36758.0,30.0,,,1177.0,3809.0,557.0,93836.0,83.0,1893.0,77264.0,145.0,78984.8718855628
Denmark,1996,368.0,,35590.0,53582.0,19.0,,,1227.0,3913.0,525.0,103732.0,91.0,1913.0,83094.0,188.0,91956.1004876897
Denmark,1997,377.0,,34621.0,44315.0,19.0,,,1934.0,3775.0,525.0,97770.0,77.0,1962.0,80542.0,192.0,82264.6688681631
Denmark,1998,300.0,,34899.0,41113.0,27.0,,,2820.0,3675.0,481.0,100411.0,84.0,2001.0,80239.0,168.0,78033.5456150595
Denmark,1999,323.0,,34719.0,38920.0,31.0,,1.0,3029.0,3687.0,425.0,97322.0,79.0,1992.0,81308.0,216.0,75520.2701761614
Denmark,2000,405.0,,35092.0,36053.0,30.0,,1.0,4241.0,3548.0,417.0,94371.0,74.0,1964.0,76841.0,215.0,71007.9297239399
Denmark,2001,456.0,,35571.0,37729.0,28.0,,1.0,4306.0,3651.0,371.0,101915.0,71.0,1937.0,81888.0,248.0,72757.1164028408
Denmark,2002,572.0,,35249.0,39287.0,32.0,,1.0,4877.0,3590.0,308.0,100714.0,68.0,1944.0,76639.0,247.0,72260.1099393143
Denmark,2003,584.0,,35192.0,46186.0,21.0,,2.0,5561.0,3706.0,331.0,103554.0,69.0,1949.0,80393.0,253.0,77212.6403786028
Denmark,2004,746.0,,35508.0,40436.0,27.0,,2.0,6583.0,3770.0,374.0,103053.0,69.0,1925.0,78544.0,267.0,71072.6799034672
Denmark,2005,708.0,,35763.0,36246.0,23.0,,2.0,6614.0,3830.0,368.0,101431.0,71.0,1868.0,78834.0,258.0,66594.6809530195
Denmark,2006,1007.0,,36228.0,45611.0,23.0,,2.0,6108.0,3865.0,387.0,100737.0,71.0,1840.0,78986.0,269.0,74321.3576577687
Denmark,2007,810.0,,36382.0,39316.0,28.0,,2.0,7171.0,3965.0,376.0,98196.0,63.0,1826.0,75738.0,291.0,69661.1796452394
Denmark,2008,901.0,,36290.0,36616.0,26.0,,3.0,6928.0,3968.0,312.0,100349.0,58.0,1738.0,75677.0,220.0,65963.7633642098
Denmark,2009,691.0,,34775.0,36383.0,19.0,,4.0,6721.0,3762.0,177.0,102618.0,50.0,1653.0,73106.0,185.0,63066.657814688
Denmark,2010,744.0,,35696.0,38862.0,21.0,,6.0,7809.0,3848.0,206.0,118905.0,54.0,1573.0,80665.0,163.0,63499.8366628903
Denmark,2011,649.0,,34797.0,35229.0,17.0,,15.0,9774.0,3733.0,220.0,104912.0,51.0,1571.0,73420.0,207.0,58244.3622922872
Denmark,2012,635.0,,34223.0,30701.0,17.0,,104.0,10270.0,3518.0,173.0,107712.0,52.0,1343.0,72932.0,214.0,53408.4070224009
Denmark,2013,811.0,,34083.0,34760.0,13.0,,518.0,11123.0,3466.0,192.0,106817.0,48.0,1298.0,72784.0,193.0,55435.0429033332
Estonia,1992,,,7199.0,11831.0,1.0,,,,360.0,113.0,58918.0,13.0,228.0,10015.0,,26876.4806469349
Estonia,1993,,,6239.0,8973.0,1.0,,,,386.0,33.0,45000.0,8.0,235.0,7417.0,,21001.9712440401
Estonia,1994,,,6815.0,9152.0,3.0,,,,354.0,9.0,41981.0,11.0,287.0,7255.0,,21713.1632575004
Estonia,1995,,,6847.0,8693.0,2.0,,,,323.0,54.0,24830.0,9.0,247.0,8367.0,,19934.7905834531
Estonia,1996,,,7127.0,9103.0,2.0,,,,358.0,88.0,26182.0,8.0,280.0,8830.0,,20631.7526567215
Estonia,1997,,,7091.0,9218.0,3.0,,,,354.0,71.0,27004.0,8.0,305.0,8882.0,,20262.1584010382
Estonia,1998,,,7148.0,8521.0,4.0,,,,384.0,57.0,23753.0,9.0,295.0,9482.0,,18705.8234879671
Estonia,1999,,,6756.0,8268.0,4.0,,,,336.0,59.0,23402.0,8.0,280.0,7635.0,,17358.5004723794
Estonia,2000,,,6662.0,8513.0,5.0,,,,347.0,77.0,21414.0,7.0,282.0,8231.0,,17061.8525770349
Estonia,2001,,,6968.0,8483.0,7.0,,,,439.0,104.0,21016.0,9.0,336.0,10003.0,,17473.0230485506
Estonia,2002,,,6944.0,8527.0,6.0,,,1.0,502.0,54.0,21526.0,5.0,309.0,8453.0,,16930.0907302884
Estonia,2003,,,7205.0,10159.0,13.0,,,6.0,529.0,39.0,20501.0,6.0,306.0,12870.0,,18782.3647025788
Estonia,2004,,,7438.0,10304.0,22.0,,,8.0,518.0,54.0,21838.0,7.0,287.0,12305.0,,19055.487479688
Estonia,2005,22.0,,7506.0,10205.0,22.0,,,54.0,558.0,52.0,22919.0,6.0,290.0,12247.0,,18297.6746871499
Estonia,2006,28.0,,7979.0,9732.0,14.0,,,76.0,577.0,66.0,22554.0,7.0,308.0,12723.0,,17686.4656016219
Estonia,2007,49.0,,8534.0,12190.0,21.0,,,91.0,613.0,127.0,21782.0,7.0,323.0,12732.0,,20816.9352876355
Estonia,2008,37.0,,8557.0,10581.0,28.0,,,133.0,585.0,127.0,21315.0,8.0,320.0,10835.0,,19374.623993778
Estonia,2009,38.0,,7966.0,8779.0,32.0,,,195.0,527.0,85.0,20685.0,7.0,294.0,8562.0,,16181.965393366
Estonia,2010,40.0,,8478.0,12964.0,27.0,,,277.0,581.0,58.0,22254.0,8.0,275.0,9633.0,,19911.6818808835
Estonia,2011,44.0,,8105.0,12893.0,30.0,,,368.0,630.0,69.0,19878.0,7.0,261.0,9467.0,,20485.0360389207
Estonia,2012,30.0,,8287.0,11967.0,42.0,,,434.0,654.0,63.0,20540.0,10.0,252.0,10148.0,,19423.3253615838
Estonia,2013,90.0,,8235.0,13275.0,26.0,,,529.0,646.0,56.0,19512.0,9.0,235.0,11632.0,,21676.70632569
Finland,1991,,,62388.0,57986.0,13197.0,19511.0,1.0,,3945.0,988.0,84564.0,50.0,1984.0,48179.0,70.0,69069.9524625108
Finland,1992,,,63351.0,57725.0,15107.0,19260.0,1.0,2.0,3883.0,856.0,84852.0,48.0,1993.0,50152.0,8.0,67657.2551627947
Finland,1993,,,65592.0,61079.0,13476.0,19928.0,1.0,4.0,3729.0,824.0,88204.0,49.0,1876.0,48290.0,13.0,69898.9316762607
Finland,1994,,,68716.0,65631.0,11787.0,19427.0,1.0,7.0,3871.0,965.0,91188.0,59.0,1918.0,54230.0,111.0,75401.5416216613
Finland,1995,,,68947.0,64035.0,12925.0,19216.0,1.0,11.0,3797.0,790.0,89028.0,60.0,1897.0,46617.0,48.0,71848.4217814197
Finland,1996,494.0,,69961.0,69373.0,11860.0,19476.0,1.0,11.0,3847.0,384.0,115145.0,62.0,1834.0,46588.0,33.0,77635.8988543123
Finland,1997,345.0,,73740.0,69176.0,12242.0,20894.0,1.0,17.0,3869.0,322.0,113019.0,90.0,1881.0,44408.0,40.0,76216.9343799597
Finland,1998,340.0,,76570.0,70167.0,15051.0,21853.0,1.0,23.0,3935.0,416.0,106080.0,101.0,1858.0,57279.0,40.0,72547.8010697551
Finland,1999,596.0,,77758.0,69457.0,12780.0,22974.0,1.0,49.0,3981.0,407.0,115086.0,93.0,1849.0,54852.0,41.0,71916.2671877857
Finland,2000,561.0,,79089.0,69968.0,14660.0,22479.0,2.0,78.0,4056.0,366.0,139627.0,202.0,1788.0,42339.0,24.0,70009.504589963
Finland,2001,442.0,,81131.0,74483.0,13205.0,22773.0,2.0,70.0,4116.0,335.0,148950.0,195.0,1812.0,44099.0,10.0,75324.0562236299
Finland,2002,556.0,,83482.0,74945.0,10776.0,22295.0,2.0,64.0,4133.0,302.0,167172.0,198.0,1844.0,41315.0,28.0,77740.9602079674
Finland,2003,636.0,,85205.0,84312.0,9591.0,22731.0,2.0,93.0,4239.0,271.0,175237.0,216.0,1855.0,39989.0,28.0,85219.2986612438
Finland,2004,735.0,,87020.0,85831.0,15070.0,22716.0,2.0,120.0,4213.0,282.0,172922.0,227.0,1887.0,40255.0,37.0,81433.9721913076
Finland,2005,684.0,,84826.0,70572.0,13784.0,23271.0,3.0,170.0,4073.0,277.0,166264.0,236.0,1879.0,38174.0,38.0,69548.8578469739
Finland,2006,658.0,,90002.0,82301.0,11494.0,22906.0,3.0,156.0,4053.0,200.0,178225.0,259.0,1865.0,41058.0,44.0,80739.0685181776
Finland,2007,704.0,,90332.0,81247.0,14177.0,23423.0,4.0,188.0,4059.0,199.0,173613.0,233.0,1864.0,41820.0,47.0,79212.739202928
Finland,2008,688.0,,87147.0,77435.0,17112.0,22958.0,4.0,261.0,4037.0,211.0,173597.0,248.0,1761.0,38538.0,40.0,71324.5754374347
Finland,2009,650.0,,81178.0,72062.0,12686.0,23526.0,4.0,277.0,3833.0,144.0,172644.0,212.0,1718.0,33012.0,31.0,67670.2911623919
Finland,2010,587.0,,87552.0,80679.0,12922.0,22800.0,10.0,294.0,4199.0,178.0,189861.0,282.0,1682.0,36837.0,31.0,75930.9702322258
Finland,2011,739.0,,84101.0,73506.0,12445.0,23187.0,10.0,481.0,4076.0,157.0,168985.0,277.0,1628.0,34904.0,51.0,68033.9654261421
Finland,2012,1114.0,,84937.0,70416.0,16859.0,22987.0,11.0,494.0,4115.0,126.0,179062.0,273.0,1580.0,32594.0,50.0,62403.7480573425
Finland,2013,845.0,,83879.0,71263.0,12838.0,23606.0,12.0,774.0,4029.0,114.0,170714.0,252.0,1569.0,32770.0,55.0,63276.8885138436
France,1991,2321.0,4624.0,376586.0,455555.0,61545.0,331340.0,,,36765.0,6081.0,21981.0,3014.0,17932.0,1172011.0,930.0,577151.660719953
France,1992,2378.0,5249.0,384329.0,463639.0,72584.0,338445.0,,,37722.0,5721.0,21915.0,2920.0,17642.0,1182985.0,1038.0,565981.292931607
France,1993,2574.0,5101.0,386068.0,472707.0,67948.0,368188.0,,2.0,38847.0,4435.0,21807.0,2820.0,17097.0,1188016.0,691.0,543333.149958896
France,1994,2615.0,5251.0,389235.0,476868.0,81069.0,359981.0,1.0,5.0,37790.0,4094.0,21907.0,2813.0,16516.0,1178011.0,1039.0,542394.753754973
France,1995,2633.0,5523.0,398529.0,494274.0,76192.0,377231.0,1.0,5.0,39406.0,3898.0,23048.0,2545.0,15675.0,1203141.0,1046.0,550558.098519151
France,1996,2689.0,5401.0,416206.0,513398.0,70282.0,397340.0,1.0,7.0,40956.0,4223.0,24929.0,2886.0,15015.0,1335515.0,1242.0,565422.012593217
France,1997,2821.0,5318.0,411423.0,504770.0,67559.0,395483.0,2.0,11.0,40904.0,3936.0,23022.0,2835.0,14649.0,1316378.0,1001.0,558839.49049853
France,1998,2795.0,5275.0,424647.0,511276.0,66103.0,387990.0,2.0,19.0,43212.0,3649.0,23508.0,3160.0,14561.0,1351254.0,873.0,575083.630670721
France,1999,2911.0,5192.0,433032.0,525806.0,77083.0,394244.0,2.0,37.0,42909.0,3192.0,23775.0,3528.0,14465.0,1410755.0,1210.0,562048.359040888
France,2000,3414.0,5275.0,440025.0,539954.0,71133.0,415162.0,5.0,48.0,42797.0,3158.0,135470.0,3377.0,13789.0,1387483.0,1014.0,558215.972749139
France,2001,3435.0,5358.0,451738.0,549530.0,78511.0,421076.0,6.0,131.0,45731.0,2805.0,164185.0,3231.0,13398.0,1434792.0,1243.0,558213.520700282
France,2002,3705.0,5358.0,450307.0,559064.0,65831.0,436760.0,7.0,265.0,45251.0,2140.0,171009.0,2985.0,12932.0,1421464.0,982.0,552270.72601065
France,2003,3679.0,5400.0,468498.0,566839.0,64279.0,441070.0,8.0,388.0,46103.0,2362.0,165853.0,2823.0,12116.0,1496088.0,951.0,558762.915662396
France,2004,3682.0,5442.0,480092.0,574055.0,64899.0,448241.0,9.0,595.0,46780.0,2440.0,168200.0,2879.0,11527.0,1523904.0,1061.0,556057.006749307
France,2005,2029.0,911.0,483067.0,576064.0,56332.0,451529.0,13.0,962.0,46677.0,2912.0,174304.0,2723.0,10842.0,1523682.0,1123.0,559398.805733464
France,2006,2305.0,911.0,478387.0,574874.0,61742.0,450191.0,16.0,2182.0,46386.0,2870.0,163749.0,2564.0,10209.0,1477992.0,1282.0,547645.150476835
France,2007,2334.0,911.0,479474.0,569426.0,63260.0,439730.0,27.0,4070.0,45773.0,3247.0,160974.0,2452.0,9708.0,1404223.0,1119.0,538725.788205634
France,2008,2280.0,911.0,493679.0,573516.0,68368.0,439447.0,42.0,5694.0,46924.0,2928.0,160138.0,2462.0,8962.0,1462779.0,1026.0,531834.046777706
France,2009,2287.0,911.0,479251.0,535635.0,61969.0,409736.0,174.0,7912.0,46483.0,2191.0,124679.0,2316.0,8605.0,1391849.0,1117.0,511294.613817561
France,2010,2408.0,911.0,506802.0,569097.0,67525.0,428521.0,620.0,9945.0,46269.0,2671.0,147570.0,2407.0,7987.0,1472987.0,1009.0,519972.333135512
France,2011,2983.0,1280.0,473096.0,561448.0,49865.0,442383.0,2078.0,12051.0,45270.0,2584.0,133751.0,2137.0,7527.0,1220644.0,1262.0,492623.158183279
France,2012,3596.0,1280.0,489962.0,565704.0,63594.0,425406.0,4016.0,14914.0,45602.0,2067.0,104813.0,2096.0,7140.0,1393820.0,972.0,493928.804352035
France,2013,3892.0,1280.0,492946.0,572308.0,75867.0,423685.0,4735.0,16034.0,46068.0,2419.0,97903.0,2073.0,6923.0,1500010.0,766.0,492151.894024428
Germany,1991,5871.0,,494839.0,539634.0,18699.0,147229.0,1.0,215.0,57702.0,6580.0,377956.0,1816.0,31376.0,1875287.0,745.0,1203219.25595579
Germany,1992,3168.0,,488332.0,537470.0,21195.0,158804.0,4.0,291.0,58476.0,6325.0,355945.0,1769.0,31430.0,1912589.0,791.0,1152900.32820838
Germany,1993,3203.0,,483965.0,526276.0,21667.0,153276.0,3.0,674.0,60706.0,5128.0,354685.0,2000.0,31528.0,2035409.0,906.0,1143674.9023058
Germany,1994,3248.0,,487991.0,529160.0,23885.0,150703.0,7.0,1428.0,59379.0,5157.0,348800.0,2142.0,29801.0,2081478.0,731.0,1124257.53296309
Germany,1995,3290.0,,497852.0,537284.0,26250.0,153091.0,7.0,1712.0,59478.0,5161.0,366200.0,1984.0,30134.0,2242886.0,908.0,1120943.90480089
Germany,1996,3611.0,,505236.0,555372.0,26638.0,160016.0,12.0,2078.0,62864.0,5179.0,378073.0,2100.0,30276.0,2525496.0,786.0,1138767.65811376
Germany,1997,3599.0,,504779.0,551554.0,20900.0,170328.0,18.0,3034.0,61073.0,5529.0,344014.0,1990.0,30226.0,2410273.0,800.0,1104243.75369149
Germany,1998,4640.0,,511608.0,556393.0,21234.0,161644.0,35.0,4593.0,60406.0,3686.0,349164.0,1841.0,30281.0,2413142.0,802.0,1078643.50204424
Germany,1999,4833.0,,513919.0,556300.0,23402.0,170004.0,30.0,5528.0,57030.0,3302.0,343611.0,1664.0,30250.0,2426421.0,770.0,1045419.70899266
Germany,2000,4981.0,,535503.0,576543.0,25962.0,169606.0,60.0,9352.0,55434.0,2812.0,285985.0,1690.0,28806.0,2464691.0,789.0,1043294.43431627
Germany,2001,12620.0,,545796.0,586406.0,27253.0,171305.0,116.0,10456.0,58848.0,3007.0,290599.0,1748.0,27949.0,2508971.0,240.0,1058070.10262725
Germany,2002,17758.0,,552967.0,586694.0,27864.0,164842.0,188.0,15856.0,55383.0,3055.0,286252.0,1550.0,27195.0,2508119.0,277.0,1036942.43863737
Germany,2003,7213.0,1584.0,558430.0,608779.0,22897.0,165060.0,313.0,18713.0,54738.0,3170.0,428289.0,1525.0,25850.0,2475683.0,327.0,1033727.65586751
Germany,2004,8234.0,1609.0,566296.0,617469.0,26460.0,167065.0,557.0,25509.0,53152.0,2970.0,448684.0,1479.0,25037.0,2491380.0,338.0,1017294.02960564
Germany,2005,9956.0,1670.0,568656.0,622579.0,26417.0,163055.0,1282.0,27229.0,52407.0,2252.0,450136.0,1496.0,23431.0,2447605.0,347.0,991848.687081523
Germany,2006,11131.0,1739.0,572843.0,639492.0,26768.0,167269.0,2220.0,30710.0,54427.0,2376.0,449719.0,1551.0,22604.0,2490617.0,213.0,999043.900402691
Germany,2007,19246.0,1667.0,574749.0,640578.0,28084.0,140534.0,3075.0,39713.0,44955.0,3087.0,427171.0,1492.0,21292.0,2385539.0,206.0,971998.326214991
Germany,2008,18803.0,1667.0,572921.0,640406.0,26469.0,148495.0,4420.0,40574.0,52455.0,2755.0,436040.0,1701.0,20902.0,2446758.0,310.0,973942.17132529
Germany,2009,24735.0,1919.0,538669.0,595617.0,24682.0,134932.0,6584.0,38647.0,50462.0,2302.0,427612.0,1824.0,20178.0,2275339.0,258.0,906423.028725622
Germany,2010,34604.0,2164.0,571258.0,632983.0,27353.0,140556.0,11729.0,37793.0,51875.0,2646.0,471767.0,1887.0,19615.0,2511746.0,151.0,941038.691230732
Germany,2011,40944.0,2477.0,565359.0,613068.0,23511.0,107971.0,19599.0,48883.0,49692.0,3133.0,420182.0,1808.0,19601.0,2241826.0,120.0,921829.743532604
Germany,2012,43503.0,2682.0,564077.0,629812.0,27849.0,99460.0,26380.0,50670.0,51256.0,2657.0,429140.0,1743.0,18487.0,2339955.0,108.0,926338.361640261
Germany,2013,51386.0,2852.0,561805.0,638729.0,28782.0,97290.0,31010.0,51708.0,53709.0,2263.0,434820.0,1847.0,18423.0,2458347.0,146.0,945150.947996296
Greece,1991,19.0,122.0,33400.0,35815.0,3171.0,,,2.0,4619.0,1478.0,,286.0,2501.0,,96.0,104767.844628879
Greece,1992,28.0,123.0,34700.0,37411.0,2389.0,,,8.0,4469.0,1388.0,,321.0,2582.0,,117.0,106017.53859281
Greece,1993,30.0,130.0,35631.0,38396.0,2541.0,,,47.0,4497.0,1355.0,,328.0,2644.0,,171.0,105565.321078537
Greece,1994,32.0,173.0,37414.0,40624.0,2842.0,,,37.0,4551.0,1373.0,,344.0,2695.0,,198.0,108402.558432157
Greece,1995,30.0,115.0,38817.0,41552.0,3782.0,,,34.0,4739.0,1366.0,,387.0,2774.0,,215.0,110704.111282453
Greece,1996,27.0,115.0,40424.0,42567.0,4504.0,,,38.0,5355.0,1284.0,,421.0,2940.0,161.0,230.0,113843.045790288
Greece,1997,28.0,98.0,42146.0,43506.0,4096.0,,,36.0,5471.0,1210.0,1032.0,445.0,3035.0,1544.0,305.0,118682.453532314
Greece,1998,36.0,105.0,44152.0,46329.0,3866.0,,,70.0,5854.0,1261.0,1049.0,469.0,3156.0,6614.0,272.0,124288.89384458
Greece,1999,34.0,88.0,45619.0,49632.0,4829.0,,,162.0,5832.0,1027.0,1103.0,432.0,3215.0,9368.0,276.0,124462.644048816
Greece,2000,52.0,67.0,49255.0,53843.0,4111.0,,,451.0,5950.0,1115.0,1174.0,404.0,3280.0,11967.0,312.0,127570.605011918
Greece,2001,71.0,95.0,51333.0,53704.0,2725.0,,,756.0,6290.0,1226.0,1176.0,412.0,3385.0,14807.0,357.0,128248.682487832
Greece,2002,81.0,56.0,52558.0,54608.0,3463.0,,,651.0,6513.0,954.0,1153.0,378.0,3543.0,16176.0,430.0,128160.998223235
Greece,2003,166.0,48.0,55623.0,58471.0,5332.0,,,1021.0,7302.0,794.0,1930.0,385.0,3685.0,18005.0,430.0,131655.183439536
Greece,2004,171.0,400.0,56951.0,59346.0,5205.0,,1.0,1121.0,6634.0,776.0,1817.0,384.0,3763.0,21509.0,547.0,132286.023570031
Greece,2005,225.0,432.0,58679.0,60020.0,5610.0,,1.0,1266.0,7023.0,563.0,2049.0,357.0,3918.0,27270.0,564.0,135924.226108271
Greece,2006,251.0,474.0,59878.0,60789.0,6475.0,,1.0,1699.0,7142.0,463.0,2349.0,347.0,3959.0,32008.0,538.0,132065.256674574
Greece,2007,105.0,602.0,62321.0,63496.0,3376.0,,1.0,1818.0,6735.0,710.0,1737.0,329.0,4137.0,32926.0,858.0,134852.84227531
Greece,2008,29.0,712.0,63824.0,63749.0,4149.0,,5.0,2242.0,6503.0,523.0,1837.0,324.0,4059.0,37722.0,607.0,131199.951864063
Greece,2009,55.0,856.0,60053.0,61365.0,5645.0,,50.0,2543.0,6384.0,263.0,2050.0,307.0,4070.0,38332.0,573.0,124697.195300591
Greece,2010,84.0,916.0,59059.0,57392.0,7485.0,,158.0,2714.0,5712.0,456.0,1941.0,291.0,3705.0,36359.0,654.0,118626.517522768
Greece,2011,619.0,970.0,56765.0,59436.0,4275.0,,610.0,3315.0,5834.0,346.0,2256.0,340.0,3337.0,50376.0,549.0,115576.783290434
Greece,2012,637.0,909.0,55170.0,60959.0,4591.0,,1694.0,3850.0,4306.0,349.0,1889.0,387.0,2943.0,45190.0,638.0,112086.436424032
Greece,2013,711.0,812.0,54393.0,57152.0,6384.0,,3648.0,4139.0,3437.0,300.0,1738.0,431.0,2670.0,42219.0,697.0,104564.031249294
Hungary,1991,,3600.0,34816.0,29963.0,194.0,13726.0,,,2357.0,5.0,68926.0,301.0,1567.0,266522.0,,87301.0680049181
Hungary,1992,,3600.0,32586.0,31685.0,158.0,13964.0,,,2316.0,2.0,61263.0,283.0,1463.0,229102.0,,77312.1715997952
Hungary,1993,,3600.0,32828.0,32915.0,166.0,13796.0,,,1960.0,0.0,57601.0,283.0,1488.0,261005.0,,78134.8873778491
Hungary,1994,,3600.0,32993.0,33515.0,161.0,14049.0,,,1941.0,0.0,53268.0,264.0,1445.0,261503.0,,77026.1174095609
Hungary,1995,,3306.0,33669.0,34018.0,163.0,14026.0,,,1573.0,0.0,54234.0,294.0,1427.0,283900.0,,75705.7802126216
Hungary,1996,,3250.0,34515.0,35090.0,207.0,14180.0,,,1459.0,0.0,55853.0,335.0,1345.0,318445.0,,78015.9644529897
Hungary,1997,,3311.0,34584.0,35397.0,216.0,13968.0,,,1533.0,0.0,60674.0,320.0,1353.0,299201.0,,76553.8079993098
Hungary,1998,,3276.0,35000.0,37190.0,155.0,13949.0,,,1697.0,0.0,63688.0,344.0,1386.0,297461.0,,76067.0556888398
Hungary,1999,,3291.0,35967.0,37832.0,181.0,14096.0,,,1832.0,0.0,62704.0,322.0,1402.0,299617.0,,76610.4957421574
Hungary,2000,6.0,3358.0,35699.0,35191.0,178.0,14180.0,,,1867.0,0.0,60587.0,326.0,1336.0,296130.0,,73556.6927025833
Hungary,2001,4.0,3305.0,36875.0,36415.0,186.0,14126.0,,1.0,1915.0,0.0,63788.0,282.0,1391.0,326059.0,,75679.3479805696
Hungary,2002,40.0,3296.0,37731.0,36157.0,194.0,13953.0,,1.0,2078.0,246.0,54577.0,306.0,1425.0,325067.0,40.0,74153.5781963387
Hungary,2003,19.0,3318.0,38317.0,34145.0,171.0,11013.0,,4.0,2177.0,203.0,57229.0,302.0,1424.0,349323.0,73.0,77192.4005780412
Hungary,2004,53.0,3333.0,38730.0,33708.0,205.0,11915.0,,6.0,2283.0,250.0,51188.0,240.0,1442.0,345868.0,90.0,76126.4666292177
Hungary,2005,44.0,3364.0,39446.0,35756.0,202.0,13834.0,,10.0,2518.0,300.0,54771.0,251.0,1486.0,357862.0,156.0,75933.2770395626
Hungary,2006,115.0,3405.0,40552.0,35859.0,186.0,13461.0,,43.0,2772.0,301.0,51934.0,225.0,1527.0,328881.0,130.0,74880.3052319845
Hungary,2007,198.0,3379.0,41206.0,39960.0,210.0,14677.0,,110.0,2853.0,213.0,49780.0,177.0,1575.0,282831.0,171.0,73091.6196133009
Hungary,2008,225.0,3790.0,41286.0,40025.0,213.0,14818.0,1.0,205.0,3018.0,212.0,48422.0,166.0,1565.0,284655.0,162.0,71340.3700337963
Hungary,2009,307.0,3810.0,38857.0,35908.0,228.0,15426.0,1.0,331.0,2980.0,110.0,45647.0,151.0,1565.0,268234.0,120.0,65082.9235143586
Hungary,2010,265.0,3885.0,39808.0,37371.0,188.0,15761.0,1.0,534.0,2827.0,93.0,45625.0,188.0,1372.0,283659.0,112.0,65523.6895395564
Hungary,2011,230.0,4080.0,40176.0,36019.0,222.0,15685.0,1.0,626.0,2716.0,116.0,42351.0,160.0,1271.0,271947.0,89.0,63808.0141618832
Hungary,2012,309.0,4071.0,40318.0,34635.0,213.0,15793.0,8.0,770.0,2565.0,66.0,41475.0,117.0,1256.0,235429.0,94.0,60106.8999728075
Hungary,2013,445.0,4104.0,39922.0,30291.0,213.0,15370.0,25.0,718.0,2510.0,50.0,43601.0,222.0,1160.0,248098.0,91.0,57553.8333024652
Iceland,1991,,2797.0,4278.0,4494.0,4204.0,,,,265.0,60.0,13965.0,1.0,139.0,,,3463.43779029116
Iceland,1992,,2899.0,4322.0,4546.0,4310.0,,,,280.0,50.0,14630.0,1.0,135.0,,,3341.98723972385
Iceland,1993,,2957.0,4501.0,4727.0,4466.0,,,,293.0,53.0,14586.0,1.0,134.0,,,3392.56305838494
Iceland,1994,,3011.0,4552.0,4780.0,4515.0,,,,294.0,71.0,14810.0,1.0,137.0,,,3328.37101989366
Iceland,1995,,3151.0,4737.0,4981.0,4682.0,,,,291.0,65.0,15090.0,1.0,136.0,,,3389.0009683746
Iceland,1996,,3090.0,4889.0,5123.0,4772.0,,,,338.0,66.0,14531.0,1.0,156.0,,,3472.18388343879
Iceland,1997,,3205.0,5337.0,5586.0,5207.0,,,,328.0,58.0,14814.0,2.0,135.0,,,3610.85799066624
Iceland,1998,,3229.0,6072.0,6281.0,5621.0,,,,328.0,70.0,14841.0,2.0,142.0,,,3754.77436474695
Iceland,1999,,3280.0,6906.0,7188.0,6047.0,,,,346.0,60.0,15573.0,2.0,145.0,,,3980.84934134933
Iceland,2000,,3411.0,7377.0,7684.0,6356.0,,,,342.0,101.0,16236.0,2.0,143.0,,,3962.77280646566
Iceland,2001,,3626.0,7719.0,8033.0,6578.0,,,,310.0,98.0,16541.0,2.0,144.0,,,3911.35024253636
Iceland,2002,,3727.0,8095.0,8416.0,6977.0,,,,337.0,98.0,16920.0,2.0,145.0,,,3936.90100504714
Iceland,2003,,3727.0,8181.0,8500.0,7088.0,,,,351.0,85.0,16902.0,2.0,145.0,,,3918.59269639407
Iceland,2004,,3833.0,8297.0,8623.0,7134.0,,,,380.0,104.0,17243.0,2.0,149.0,,3.0,3940.12141564936
Iceland,2005,,3913.0,8343.0,8686.0,7019.0,,,,366.0,117.0,17579.0,2.0,149.0,,9.0,3897.68783769588
Iceland,2006,,3992.0,9624.0,9930.0,7293.0,,,,360.0,108.0,17769.0,2.0,161.0,,7.0,4454.03498592419
Iceland,2007,9.0,4055.0,11598.0,11977.0,8394.0,,,,339.0,121.0,18640.0,3.0,160.0,,0.0,4714.81830853324
Iceland,2008,13.0,4257.0,15981.0,16467.0,12427.0,,,,324.0,109.0,19338.0,4.0,155.0,,0.0,5140.33616340343
Iceland,2009,16.0,4327.0,16333.0,16834.0,12279.0,,,,319.0,98.0,19296.0,3.0,155.0,,0.0,4855.77230906749
Iceland,2010,22.0,4233.0,16560.0,17059.0,12592.0,,,,285.0,106.0,19184.0,3.0,148.0,,0.0,4730.35142972401
Iceland,2011,48.0,4411.0,16655.0,17211.0,12507.0,,,,266.0,105.0,19132.0,3.0,143.0,,0.0,4520.22086357683
Iceland,2012,73.0,4416.0,17026.0,17549.0,12337.0,,,,267.0,105.0,21382.0,3.0,137.0,,2.0,4550.40347978486
Iceland,2013,71.0,4087.0,17580.0,18116.0,12863.0,,,3.0,292.0,120.0,22394.0,3.0,135.0,,8.0,4534.66283487721
Ireland,1991,119.0,,13932.0,15148.0,964.0,,,,1750.0,1360.0,,136.0,905.0,30249.0,128.0,56905.9454357891
Ireland,1992,117.0,,14709.0,16013.0,1050.0,,,5.0,1841.0,871.0,,130.0,971.0,31016.0,94.0,56889.4175160503
Ireland,1993,152.0,,15070.0,16396.0,1012.0,,,15.0,1851.0,906.0,,131.0,953.0,35460.0,85.0,57164.075772468
Ireland,1994,104.0,,15727.0,17106.0,1198.0,,,19.0,2044.0,562.0,,136.0,984.0,35862.0,126.0,58450.5970202985
Ireland,1995,119.0,,16444.0,17859.0,968.0,,,16.0,2075.0,445.0,,131.0,1037.0,37009.0,142.0,59872.746870335
Ireland,1996,151.0,,17575.0,19180.0,982.0,,,14.0,2208.0,687.0,,124.0,1099.0,40460.0,92.0,62002.1478800234
Ireland,1997,176.0,,18439.0,19953.0,942.0,,,50.0,2288.0,506.0,,123.0,1175.0,40516.0,198.0,63517.3013839311
Ireland,1998,188.0,,19686.0,21151.0,1189.0,,,169.0,2582.0,545.0,,129.0,1306.0,44838.0,175.0,66003.2455858899
Ireland,1999,186.0,,20763.0,22009.0,1090.0,,,187.0,2833.0,450.0,,133.0,1414.0,48188.0,185.0,67141.7469205449
Ireland,2000,180.0,,22333.0,23977.0,1150.0,,,244.0,2994.0,551.0,,139.0,1493.0,55847.0,285.0,69324.9552166344
Ireland,2001,180.0,,22948.0,24956.0,920.0,,,334.0,3098.0,539.0,,143.0,1551.0,57416.0,387.0,71393.9183948119
Ireland,2002,180.0,,23895.0,25195.0,1264.0,,,388.0,3137.0,503.0,,135.0,1585.0,55682.0,330.0,69371.2338166882
Ireland,2003,287.0,,24680.0,25219.0,956.0,,,454.0,3202.0,607.0,,133.0,1583.0,59418.0,357.0,69613.7986917386
Ireland,2004,313.0,,25435.0,25569.0,984.0,,,655.0,3312.0,637.0,,135.0,1627.0,62822.0,334.0,68932.6740278551
Ireland,2005,289.0,,26305.0,25970.0,975.0,,,1112.0,3534.0,670.0,,142.0,1712.0,63458.0,380.0,70396.3261440834
Ireland,2006,256.0,,27328.0,27480.0,1088.0,,,1622.0,3694.0,617.0,,160.0,1878.0,68141.0,357.0,69795.1672441566
Ireland,2007,218.0,,27718.0,28196.0,1016.0,,,1958.0,3923.0,606.0,,131.0,1827.0,67808.0,371.0,69083.1959001752
Ireland,2008,214.0,,28846.0,30239.0,1300.0,,,2410.0,3850.0,596.0,,146.0,1734.0,72739.0,338.0,68451.001732038
Ireland,2009,330.0,,27313.0,28313.0,1257.0,,,2955.0,3426.0,521.0,,101.0,1584.0,68130.0,194.0,62859.3798059974
Ireland,2010,350.0,,27623.0,28685.0,776.0,,,2815.0,3273.0,500.0,,131.0,1482.0,74089.0,143.0,62299.0120650796
Ireland,2011,396.0,,26851.0,27474.0,707.0,,1.0,4380.0,3034.0,448.0,,105.0,1313.0,70070.0,124.0,58194.6676181813
Ireland,2012,368.0,,26545.0,27600.0,1014.0,,1.0,4010.0,3026.0,450.0,,83.0,1249.0,75545.0,152.0,58685.2118354953
Ireland,2013,297.0,,26774.0,26142.0,944.0,,1.0,4542.0,3071.0,470.0,,145.0,1158.0,75840.0,160.0,58546.7272589838
Italy,1991,,8400.0,240795.0,221816.0,45606.0,,5.0,3.0,25443.0,1412.0,,3312.0,14267.0,1463268.0,2047.0,523489.80881579
Italy,1992,,9044.0,244797.0,226254.0,45786.0,,9.0,2.0,24678.0,1954.0,,3211.0,15773.0,1442218.0,1856.0,519982.778404742
Italy,1993,,8916.0,246614.0,222802.0,44482.0,,11.0,4.0,24064.0,1516.0,,3407.0,16384.0,1487111.0,1842.0,513611.618341214
Italy,1994,,8916.0,253621.0,231813.0,47731.0,,11.0,7.0,22100.0,1424.0,,3296.0,16801.0,1442072.0,1752.0,505566.538694119
Italy,1995,,8916.0,261017.0,241489.0,41907.0,,13.0,9.0,22771.0,1124.0,,3487.0,17531.0,1565733.0,1824.0,533449.768572357
Italy,1996,,8916.0,262881.0,244433.0,47072.0,,14.0,33.0,22606.0,1101.0,,3539.0,17774.0,1615471.0,1857.0,526825.535705134
Italy,1997,,8916.0,271401.0,251473.0,46552.0,,15.0,118.0,22656.0,916.0,,3438.0,17794.0,1601119.0,2207.0,532739.930388069
Italy,1998,,8916.0,279327.0,259800.0,47365.0,,16.0,231.0,23560.0,840.0,,3453.0,17980.0,1684908.0,2128.0,543800.430206334
Italy,1999,,8916.0,285855.0,265667.0,51777.0,,17.0,403.0,24928.0,993.0,,3950.0,17658.0,1752193.0,2245.0,549495.230489239
Italy,2000,,8916.0,298522.0,276641.0,50899.0,,18.0,563.0,25189.0,885.0,,3901.0,16797.0,1749680.0,2429.0,554479.28974574
Italy,2001,,9091.0,304847.0,279009.0,53926.0,,19.0,1179.0,26711.0,1047.0,,3875.0,16455.0,1802624.0,2371.0,561600.32756657
Italy,2002,,9091.0,310742.0,285275.0,47261.0,,21.0,1404.0,27314.0,799.0,,3706.0,16228.0,1760305.0,2501.0,561887.952427875
Italy,2003,,9091.0,320677.0,293885.0,44277.0,,24.0,1458.0,27684.0,1226.0,,3707.0,15714.0,1905620.0,3183.0,578126.368278315
Italy,2004,,8916.0,325382.0,303347.0,49908.0,,29.0,1847.0,29948.0,1090.0,126720.0,3523.0,14809.0,1813123.0,3211.0,580725.580159886
Italy,2005,,8916.0,330471.0,303700.0,42927.0,,31.0,2344.0,30415.0,1080.0,129051.0,3506.0,13793.0,1888263.0,3399.0,578904.440304856
Italy,2006,,8916.0,337492.0,314122.0,43425.0,,35.0,2971.0,31102.0,700.0,130995.0,3297.0,12948.0,1789057.0,3120.0,569054.804550053
Italy,2007,,8916.0,339928.0,313888.0,38482.0,,38.0,4034.0,31208.0,1158.0,128607.0,3132.0,12191.0,1685249.0,2853.0,561137.586097384
Italy,2008,,8916.0,339482.0,319131.0,47227.0,,193.0,4861.0,30267.0,1171.0,132878.0,3186.0,11214.0,1703831.0,3187.0,549452.72907469
Italy,2009,,8916.0,320267.0,292640.0,53443.0,,676.0,6543.0,28920.0,395.0,129544.0,3201.0,10771.0,1678014.0,2565.0,498894.655103401
Italy,2010,51.0,5243.0,330454.0,302063.0,54406.0,,1906.0,9126.0,28507.0,653.0,139503.0,3345.0,10097.0,1790991.0,2401.0,508424.0983053
Italy,2011,132.0,5243.0,334634.0,302582.0,47757.0,,10796.0,9856.0,28757.0,1017.0,133788.0,3222.0,9610.0,1653067.0,2393.0,494789.584565051
Italy,2012,1861.0,4950.0,328216.0,299277.0,43854.0,,18862.0,13407.0,27128.0,970.0,143721.0,3147.0,8948.0,1649152.0,2066.0,468717.915842693
Italy,2013,1866.0,4987.0,318476.0,289807.0,54672.0,,21589.0,14897.0,26364.0,628.0,154994.0,3278.0,8393.0,1638540.0,1747.0,438887.369554579
Japan,1991,,4479.0,825200.0,871725.0,105595.0,213460.0,1.0,0.0,55827.0,15887.0,9802.0,10970.0,33944.0,743260.0,1984.0,1280937.69911164
Japan,1992,,4521.0,831644.0,877307.0,89616.0,223259.0,20.0,0.0,56547.0,15772.0,10780.0,11611.0,34686.0,776776.0,1863.0,1294404.60265308
Japan,1993,,4354.0,837894.0,888153.0,105470.0,249256.0,25.0,1.0,57382.0,15723.0,11892.0,12346.0,35480.0,830165.0,2267.0,1285876.65515278
Japan,1994,,5232.0,892720.0,944507.0,75659.0,269126.0,33.0,1.0,59397.0,16254.0,14531.0,11765.0,37032.0,839456.0,2147.0,1358267.67798852
Japan,1995,,8707.0,915602.0,969382.0,91216.0,291254.0,46.0,1.0,61078.0,16796.0,15823.0,12562.0,37987.0,902814.0,2162.0,1379924.54422522
Japan,1996,,10255.0,935569.0,990148.0,89433.0,302200.0,63.0,2.0,61539.0,17255.0,16862.0,12395.0,39007.0,937898.0,2477.0,1393109.43817066
Japan,1997,,10549.0,958234.0,1015022.0,100414.0,319177.0,96.0,1.0,60487.0,16826.0,18488.0,12200.0,39952.0,973496.0,2479.0,1389906.99374062
Japan,1998,,9879.0,964410.0,1020247.0,102587.0,332343.0,140.0,7.0,59250.0,16492.0,19971.0,12285.0,41022.0,973038.0,1953.0,1345840.23839735
Japan,1999,,9711.0,983611.0,1037277.0,95577.0,316616.0,219.0,38.0,59829.0,16806.0,21334.0,12506.0,42114.0,1017403.0,2492.0,1367886.0892359
Japan,2000,,9251.0,1003407.0,1058548.0,96817.0,322049.0,347.0,109.0,58879.0,17053.0,22648.0,11636.0,43007.0,1066269.0,2761.0,1386713.84350075
Japan,2001,,9544.0,985256.0,1040013.0,93872.0,319858.0,475.0,252.0,58792.0,16886.0,22599.0,11605.0,43932.0,1066143.0,2553.0,1358715.50795218
Japan,2002,,9670.0,1005107.0,1058420.0,91801.0,295094.0,669.0,415.0,57423.0,17061.0,23164.0,11805.0,43994.0,1125213.0,2179.0,1390331.14112579
Japan,2003,,9753.0,996219.0,1047942.0,104137.0,240013.0,903.0,833.0,56015.0,17181.0,22958.0,10545.0,44510.0,1162975.0,2079.0,1392702.14578963
Japan,2004,,9377.0,1024532.0,1077431.0,103147.0,282442.0,1189.0,1310.0,55695.0,17384.0,24902.0,10026.0,45193.0,1233439.0,2302.0,1389593.18778594
Japan,2005,,9084.0,1042262.0,1099790.0,86350.0,304755.0,1493.0,1754.0,54180.0,17496.0,25072.0,9536.0,44421.0,1320151.0,3162.0,1397101.81894679
Japan,2006,,8540.0,1048639.0,1104589.0,97340.0,303426.0,1794.0,2210.0,50454.0,17524.0,24169.0,10886.0,43977.0,1446843.0,3488.0,1377861.93887303
Japan,2007,,8540.0,1076782.0,1135718.0,84234.0,263832.0,2015.0,2624.0,47448.0,18352.0,25071.0,9012.0,43429.0,1533414.0,3133.0,1412795.07423849
Japan,2008,,7702.0,1030275.0,1082549.0,83504.0,258128.0,2251.0,2946.0,43036.0,17042.0,24030.0,9208.0,42270.0,1501308.0,3409.0,1327168.52855642
Japan,2009,,8079.0,1025778.0,1075305.0,83832.0,279750.0,2758.0,3613.0,38641.0,15524.0,22997.0,8621.0,39841.0,1289864.0,2332.0,1251003.58354902
Japan,2010,,7409.0,1094547.0,1147899.0,90682.0,288230.0,3800.0,3962.0,38843.0,16030.0,24418.0,8397.0,39963.0,1378914.0,2475.0,1304902.64207128
Japan,2011,,7535.0,1033661.0,1082230.0,91709.0,101761.0,5160.0,4559.0,38509.0,16220.0,21958.0,9115.0,39629.0,1439093.0,2659.0,1354616.00721129
Japan,2012,,7409.0,1012110.0,1064065.0,83645.0,15939.0,6963.0,4722.0,37806.0,16117.0,22471.0,9003.0,40927.0,1426376.0,2610.0,1390339.97259376
Japan,2013,,7343.0,1019318.0,1065623.0,84923.0,9303.0,14279.0,4286.0,37888.0,17273.0,22902.0,9128.0,40843.0,1406286.0,2525.0,1407883.22553504
Latvia,1992,,,7672.0,3834.0,2523.0,,,,765.0,233.0,41963.0,57.0,492.0,25365.0,,19621.763908644
Latvia,1993,,,6202.0,3924.0,2875.0,,,,675.0,270.0,48264.0,62.0,478.0,15450.0,,16186.0399405636
Latvia,1994,,,6010.0,4440.0,3305.0,,,,430.0,342.0,41227.0,54.0,457.0,14722.0,,14279.7116000069
Latvia,1995,,,6080.0,3979.0,2937.0,,,,395.0,169.0,36740.0,34.0,412.0,13603.0,,12859.1564999065
Latvia,1996,,,6191.0,3124.0,1860.0,,,1.0,373.0,163.0,46086.0,35.0,407.0,21635.0,,12908.4610704903
Latvia,1997,,,6151.0,4501.0,2952.0,,,1.0,406.0,156.0,38223.0,36.0,374.0,15801.0,,12343.1909834203
Latvia,1998,,,6143.0,5797.0,4316.0,,,2.0,374.0,124.0,33922.0,44.0,350.0,16055.0,,11831.066179426
Latvia,1999,,,5897.0,4110.0,2757.0,,,2.0,378.0,107.0,28079.0,39.0,338.0,14831.0,,11037.6382632983
Latvia,2000,0.0,,5766.0,4136.0,2819.0,,,4.0,478.0,79.0,24707.0,46.0,337.0,15294.0,0.0,10460.6847806777
Latvia,2001,0.0,,6027.0,4279.0,2833.0,,,3.0,594.0,109.0,26370.0,47.0,353.0,18129.0,0.0,11060.0802288106
Latvia,2002,0.0,,6179.0,3975.0,2463.0,,,11.0,618.0,89.0,26316.0,46.0,346.0,20798.0,6.0,11032.0061926977
Latvia,2003,80.0,,6415.0,3975.0,2266.0,,,48.0,679.0,89.0,26845.0,51.0,346.0,21228.0,29.0,11185.6575178459
Latvia,2004,129.0,,6595.0,4689.0,3109.0,,,49.0,728.0,86.0,24581.0,54.0,349.0,22885.0,33.0,11175.5964659033
Latvia,2005,76.0,,6862.0,4905.0,3325.0,,,47.0,768.0,110.0,25020.0,56.0,344.0,23628.0,13.0,11395.9295574378
Latvia,2006,88.0,,6961.0,4891.0,2698.0,,,46.0,850.0,122.0,24386.0,59.0,381.0,23887.0,19.0,11911.3659591043
Latvia,2007,85.0,,7404.0,4771.0,2733.0,,,53.0,968.0,145.0,23774.0,53.0,416.0,24331.0,4.0,12376.9837710524
Latvia,2008,79.0,,7426.0,5274.0,3109.0,,,59.0,915.0,141.0,22392.0,48.0,379.0,23316.0,0.0,11953.985644454
Latvia,2009,98.0,,6844.0,5569.0,3457.0,,,50.0,855.0,108.0,22209.0,44.0,317.0,20104.0,5.0,11233.8071730256
Latvia,2010,119.0,,6940.0,6627.0,3520.0,,,49.0,912.0,146.0,24072.0,46.0,288.0,23153.0,19.0,12373.1196290852
Latvia,2011,152.0,,6807.0,6095.0,2887.0,,,71.0,823.0,152.0,20896.0,53.0,271.0,18459.0,0.0,11634.5688573925
Latvia,2012,285.0,,7407.0,6167.0,3707.0,,,114.0,821.0,117.0,22393.0,72.0,231.0,18718.0,0.0,11526.2094164812
Latvia,2013,330.0,,7151.0,6209.0,2912.0,,,120.0,844.0,100.0,21698.0,84.0,211.0,15985.0,0.0,11450.9295840751
Lithuania,1992,,,13389.0,18918.0,453.0,14638.0,,,732.0,594.0,66209.0,81.0,450.0,27566.0,,30446.8235582429
Lithuania,1993,,,9517.0,14325.0,562.0,12260.0,,,639.0,583.0,49664.0,79.0,532.0,29840.0,,24548.3043848785
Lithuania,1994,,,8955.0,10021.0,718.0,7706.0,,,584.0,413.0,53964.0,85.0,438.0,32783.0,,23234.5799127642
Lithuania,1995,,,8697.0,13898.0,751.0,11822.0,,,567.0,317.0,47723.0,90.0,603.0,39390.0,,22400.5086396674
Lithuania,1996,,,9130.0,16789.0,874.0,13942.0,,,566.0,302.0,42992.0,69.0,660.0,42769.0,,23468.2376077676
Lithuania,1997,,,9066.0,14861.0,769.0,12024.0,,,641.0,230.0,41683.0,91.0,658.0,37539.0,,22971.1068622477
Lithuania,1998,,,9150.0,17631.0,895.0,13554.0,,,690.0,191.0,38394.0,104.0,631.0,36983.0,,23901.3798849324
Lithuania,1999,0.0,,8605.0,13535.0,861.0,9862.0,,0.0,638.0,155.0,37851.0,134.0,494.0,16955.0,,21233.0731787122
Lithuania,2000,0.0,,8240.0,11424.0,643.0,8419.0,,0.0,567.0,118.0,34646.0,185.0,381.0,17074.0,,19605.2843248219
Lithuania,2001,0.0,,8705.0,14737.0,701.0,11362.0,,0.0,639.0,102.0,35621.0,189.0,372.0,18346.0,,20565.3985771841
Lithuania,2002,34.0,,8993.0,17721.0,781.0,14142.0,,0.0,671.0,199.0,37255.0,211.0,362.0,19915.0,0.0,20985.9500974461
Lithuania,2003,48.0,,9445.0,19488.0,985.0,15484.0,,0.0,669.0,258.0,38621.0,229.0,360.0,20462.0,0.0,21203.0139068568
Lithuania,2004,33.0,,9782.0,19274.0,943.0,15102.0,,1.0,763.0,251.0,37492.0,256.0,344.0,22724.0,0.0,21984.4112122192
Lithuania,2005,34.0,,10094.0,14784.0,820.0,10337.0,,2.0,842.0,273.0,37900.0,271.0,338.0,24126.0,2.0,23036.138291882
Lithuania,2006,41.0,,10388.0,12482.0,802.0,8651.0,,14.0,891.0,384.0,39524.0,270.0,355.0,26508.0,11.0,23378.4488497179
Lithuania,2007,55.0,,10756.0,14007.0,958.0,9833.0,,106.0,1051.0,0.0,38521.0,254.0,418.0,27166.0,24.0,25352.3510528305
Lithuania,2008,59.0,,11015.0,13913.0,988.0,9894.0,,131.0,1077.0,30.0,36115.0,228.0,412.0,26010.0,7.0,24394.5306728545
Lithuania,2009,87.0,,10223.0,15358.0,1139.0,10852.0,,158.0,869.0,98.0,37065.0,207.0,345.0,24209.0,21.0,19935.9190758773
Lithuania,2010,189.0,,10312.0,5749.0,1295.0,,,224.0,994.0,142.0,38582.0,202.0,279.0,26383.0,3.0,20755.1347198455
Lithuania,2011,128.0,,10415.0,4822.0,1056.0,,,475.0,1037.0,300.0,36388.0,195.0,243.0,24708.0,0.0,21254.4575123996
Lithuania,2012,131.0,,10607.0,5043.0,937.0,,2.0,540.0,1079.0,294.0,37886.0,189.0,218.0,25489.0,0.0,21112.6763800759
Lithuania,2013,176.0,,10642.0,4762.0,1069.0,,45.0,603.0,1100.0,350.0,35488.0,177.0,198.0,22989.0,0.0,19850.8289546557
Malta,1991,,,1342.0,1440.0,,,,,96.0,,,10.0,45.0,,,2189.15593364156
Malta,1992,,,1360.0,1464.0,,,,,99.0,,,10.0,50.0,,,2333.93788053464
Malta,1993,,,1388.0,1500.0,,,,,106.0,,,12.0,60.0,,,2422.70680375731
Malta,1994,,,1436.0,1542.0,,,,,106.0,,,14.0,60.0,,,2483.68564592841
Malta,1995,,,1520.0,1632.0,,,,,103.0,,,14.0,60.0,,,2500.68600060887
Malta,1996,,,1554.0,1657.0,,,,,101.0,,,15.0,60.0,,,2518.24209485385
Malta,1997,,,1579.0,1685.0,,,,,158.0,,,15.0,62.0,,,2530.05916702989
Malta,1998,,,1612.0,1721.0,,,,,127.0,,,17.0,82.0,,3.0,2524.14374984072
Malta,1999,,,1743.0,1854.0,,,,,115.0,,,17.0,77.0,,3.0,2610.24691168289
Malta,2000,,,1802.0,1917.0,,,,,76.0,,,16.0,61.0,,0.0,2625.80576878086
Malta,2001,,,1825.0,1943.0,,,,,70.0,,,17.0,61.0,,,2769.1247946209
Malta,2002,,,1927.0,2052.0,,,,,18.0,,,17.0,75.0,,,2687.48314208142
Malta,2003,,,2100.0,2236.0,,,,,48.0,,,17.0,70.0,,,2893.02628066671
Malta,2004,,,2081.0,2216.0,,,,,85.0,,,17.0,58.0,,,2845.49961194052
Malta,2005,,,2214.0,2240.0,,,,,37.0,,,18.0,68.0,,,2999.1644270709
Malta,2006,,,2129.0,2261.0,,,,,38.0,,,20.0,76.0,,,3090.68316868016
Malta,2007,,,2165.0,2296.0,,,0.0,,45.0,,,20.0,64.0,,,3176.82792351988
Malta,2008,,,2185.0,2312.0,,,0.0,,103.0,,,21.0,70.0,,,3182.27959841266
Malta,2009,,,2046.0,2168.0,,,0.0,,103.0,,,21.0,73.0,,,3073.96151644768
Malta,2010,6.0,,1993.0,2116.0,,,1.0,,121.0,,,22.0,73.0,,,3098.80570626229
Malta,2011,27.0,,2053.0,2187.0,,,13.0,,118.0,,5.0,21.0,73.0,,,3211.70609226187
Malta,2012,36.0,,2172.0,2307.0,,,30.0,,119.0,,8.0,22.0,72.0,,,3324.49701604246
Malta,2013,25.0,,2137.0,2251.0,,,29.0,,132.0,,1.0,22.0,73.0,,,2953.95831904028
Netherlands,1991,1917.0,,80927.0,74420.0,104.0,3329.0,1.0,88.0,5790.0,517.0,15237.0,995.0,3456.0,1058939.0,,229981.11534938
Netherlands,1992,2067.0,,83069.0,77095.0,120.0,3800.0,1.0,147.0,5937.0,364.0,18908.0,970.0,3591.0,985907.0,,230665.363789811
Netherlands,1993,2249.0,,84179.0,76851.0,92.0,3948.0,1.0,174.0,5934.0,392.0,20629.0,1029.0,3789.0,1028451.0,,231885.946678412
Netherlands,1994,2324.0,,87033.0,79604.0,100.0,3967.0,1.0,238.0,5905.0,436.0,44065.0,959.0,3908.0,982604.0,,235538.779189261
Netherlands,1995,2347.0,,89163.0,81167.0,88.0,4018.0,2.0,317.0,6135.0,145.0,118261.0,947.0,4002.0,1059406.0,,232179.185332237
Netherlands,1996,2421.0,,92427.0,85423.0,80.0,4160.0,2.0,437.0,6375.0,162.0,129924.0,968.0,4176.0,1193207.0,,243054.332894743
Netherlands,1997,2402.0,,95641.0,86523.0,92.0,2408.0,3.0,475.0,6394.0,251.0,142998.0,899.0,4130.0,1032035.0,,235568.927566529
Netherlands,1998,2279.0,,99457.0,91115.0,112.0,3814.0,4.0,640.0,6638.0,232.0,162837.0,857.0,4152.0,995234.0,,235646.030611952
Netherlands,1999,2331.0,,101597.0,86720.0,90.0,3832.0,5.0,645.0,6927.0,230.0,157079.0,760.0,4153.0,963780.0,,222262.48522625
Netherlands,2000,2324.0,,104913.0,89631.0,142.0,3926.0,8.0,829.0,7096.0,161.0,154839.0,670.0,4028.0,960880.0,,220250.174203856
Netherlands,2001,2382.0,,107095.0,93663.0,117.0,3976.0,12.0,825.0,7105.0,151.0,155228.0,638.0,4122.0,979040.0,,220117.41766415
Netherlands,2002,2309.0,,108423.0,95981.0,110.0,3915.0,17.0,947.0,7212.0,156.0,161462.0,622.0,4167.0,942228.0,,218138.865670802
Netherlands,2003,2354.0,,109833.0,96818.0,72.0,4018.0,26.0,1320.0,7378.0,156.0,161606.0,550.0,4185.0,958578.0,,218174.535289908
Netherlands,2004,2478.0,,113261.0,101214.0,95.0,3822.0,34.0,1871.0,7570.0,121.0,167914.0,555.0,4141.0,960030.0,,219308.109761634
Netherlands,2005,2279.0,,113891.0,99921.0,88.0,3997.0,35.0,2067.0,7682.0,113.0,161161.0,533.0,4104.0,931363.0,,214444.895424552
Netherlands,2006,2431.0,,115948.0,98833.0,106.0,3469.0,36.0,2735.0,7957.0,104.0,134427.0,533.0,4171.0,903340.0,,209389.008146778
Netherlands,2007,2424.0,,118359.0,105165.0,107.0,4200.0,37.0,3438.0,8116.0,128.0,134096.0,443.0,4184.0,837599.0,,208328.352303886
Netherlands,2008,2805.0,96.0,119038.0,107552.0,102.0,4169.0,39.0,4260.0,8164.0,40.0,133068.0,443.0,4174.0,892733.0,,207659.63094993
Netherlands,2009,3227.0,142.0,113658.0,113691.0,98.0,4248.0,45.0,4581.0,7732.0,92.0,119711.0,454.0,4171.0,872227.0,,201898.384983057
Netherlands,2010,3788.0,318.0,117601.0,119270.0,105.0,3969.0,56.0,3994.0,7777.0,37.0,125607.0,451.0,4168.0,1003124.0,,213760.311617856
Netherlands,2011,3711.0,316.0,118234.0,113963.0,57.0,4141.0,104.0,5101.0,7886.0,75.0,119317.0,378.0,4235.0,840911.0,,200033.683495318
Netherlands,2012,4182.0,495.0,115757.0,103298.0,104.0,3915.0,226.0,4981.0,7543.0,130.0,112559.0,382.0,4039.0,879335.0,,195295.943888972
Netherlands,2013,4645.0,993.0,115174.0,101736.0,114.0,2891.0,487.0,5627.0,7460.0,90.0,112764.0,371.0,3934.0,903786.0,,195039.407791336
New Zealand,1991,54.0,7042.0,32410.0,33296.0,22892.0,,,,1102.0,124.0,,111.0,1927.0,71752.0,,66822.617722031
New Zealand,1992,56.0,7014.0,31932.0,32894.0,21091.0,,,1.0,1275.0,64.0,,117.0,1978.0,73281.0,,67999.4999995816
New Zealand,1993,54.0,7244.0,33359.0,34275.0,23491.0,,,1.0,1288.0,170.0,,117.0,1962.0,73651.0,,67631.7325014562
New Zealand,1994,54.0,7514.0,34027.0,34851.0,25834.0,,,1.0,1427.0,201.0,,118.0,2076.0,74773.0,,68816.5832879109
New Zealand,1995,56.0,7482.0,35250.0,36062.0,27532.0,,,1.0,1628.0,286.0,,119.0,2099.0,72755.0,,69641.424602133
New Zealand,1996,57.0,7499.0,35561.0,36473.0,26180.0,,,8.0,1700.0,246.0,,122.0,2076.0,74786.0,,71834.4611971898
New Zealand,1997,60.0,7538.0,35992.0,37109.0,23256.0,,,14.0,1794.0,268.0,,121.0,2129.0,71517.0,,74637.9895126178
New Zealand,1998,61.0,7799.0,36579.0,37612.0,25317.0,,,22.0,1834.0,268.0,,108.0,2151.0,67883.0,,72205.1448935392
New Zealand,1999,127.0,7958.0,36643.0,37817.0,22917.0,,,39.0,1903.0,249.0,,104.0,2182.0,71409.0,,74264.3360727654
New Zealand,2000,136.0,8125.0,38070.0,39247.0,24433.0,,,120.0,2044.0,264.0,,114.0,2160.0,77968.0,,76384.6869460101
New Zealand,2001,163.0,8172.0,38219.0,39572.0,21679.0,,,139.0,2034.0,411.0,,131.0,2174.0,76591.0,,79058.6235689067
New Zealand,2002,172.0,8880.0,39386.0,40629.0,24870.0,,,155.0,2178.0,369.0,,138.0,2248.0,79900.0,,79616.9981055823
New Zealand,2003,163.0,9008.0,39454.0,40777.0,23620.0,,,146.0,2260.0,494.0,,138.0,2323.0,60724.0,,82021.5878477474
New Zealand,2004,99.0,9286.0,41264.0,42505.0,26926.0,,,361.0,2332.0,288.0,,158.0,2420.0,62634.0,,81648.8272771088
New Zealand,2005,199.0,9400.0,41515.0,42968.0,23325.0,,,614.0,2448.0,255.0,,158.0,2361.0,49112.0,,83666.2879285929
New Zealand,2006,235.0,9377.0,42123.0,43602.0,23571.0,,,622.0,2491.0,262.0,,169.0,2379.0,47188.0,,83696.7494402892
New Zealand,2007,253.0,9556.0,42285.0,43749.0,23638.0,,,930.0,2571.0,320.0,,175.0,2422.0,46830.0,,81157.8794314686
New Zealand,2008,253.0,9624.0,42306.0,43838.0,22336.0,,,1058.0,2564.0,346.0,,172.0,2381.0,45663.0,,81020.646149607
New Zealand,2009,253.0,9836.0,42080.0,43453.0,24221.0,,,1476.0,2439.0,241.0,,167.0,2339.0,53021.0,,78624.7002877506
New Zealand,2010,253.0,9481.0,43457.0,44876.0,24716.0,,,1634.0,2446.0,268.0,,141.0,2329.0,57189.0,,78942.2908980154
New Zealand,2011,253.0,8727.0,43108.0,44465.0,25114.0,,,1952.0,2513.0,133.0,,138.0,2278.0,54762.0,,78941.5208964196
New Zealand,2012,253.0,9963.0,42806.0,44260.0,22901.0,,5.0,2076.0,2570.0,99.0,,150.0,2270.0,57945.0,,80890.3639254294
New Zealand,2013,253.0,10669.0,41882.0,43265.0,23044.0,,7.0,2024.0,2667.0,237.0,,146.0,2266.0,65221.0,,80298.3251469851
Norway,1991,221.0,,106314.0,111009.0,110580.0,,,,2793.0,651.0,3777.0,28.0,1727.0,,,49586.8891439841
Norway,1992,311.0,,106869.0,117503.0,117062.0,,,,2779.0,659.0,3845.0,47.0,1690.0,,,47778.6271571411
Norway,1993,441.0,,110550.0,120107.0,119622.0,,,7.0,2969.0,658.0,4263.0,67.0,1677.0,,,49802.7844557724
Norway,1994,557.0,,110715.0,113356.0,112676.0,,,9.0,2981.0,766.0,4071.0,80.0,1682.0,,,51704.4180201368
Norway,1995,651.0,,114191.0,123199.0,122487.0,,,10.0,3076.0,835.0,4406.0,93.0,1664.0,,,51411.1492564084
Norway,1996,654.0,,112806.0,104984.0,104148.0,,,9.0,3430.0,836.0,4817.0,90.0,1689.0,,,54411.0952561063
Norway,1997,1043.0,,113042.0,111657.0,110938.0,,,11.0,3329.0,815.0,4759.0,95.0,1664.0,,,54333.9463603583
Norway,1998,1039.0,,118259.0,117008.0,116280.0,,,11.0,3459.0,873.0,5092.0,108.0,1681.0,,,54499.0166279507
Norway,1999,1056.0,,119106.0,122717.0,121882.0,,,25.0,3637.0,882.0,5556.0,101.0,1669.0,,,55476.4362183585
Norway,2000,1064.0,,122179.0,142982.0,142289.0,,,31.0,3247.0,861.0,5374.0,196.0,1619.0,8197.0,,54883.3750109775
Norway,2001,950.0,,123141.0,121890.0,121026.0,,,27.0,3395.0,759.0,6653.0,187.0,1679.0,8364.0,,56145.0027583016
Norway,2002,1087.0,,119248.0,130705.0,129837.0,,,75.0,3546.0,668.0,7180.0,217.0,1664.0,6407.0,,55060.5037050923
Norway,2003,512.0,,113542.0,107273.0,106084.0,,,218.0,3633.0,656.0,7939.0,224.0,1647.0,8474.0,4.0,55665.8918961297
Norway,2004,489.0,,119967.0,110617.0,109291.0,,,252.0,3588.0,736.0,8317.0,210.0,1637.0,9911.0,2.0,56214.0084775802
Norway,2005,635.0,,123540.0,138009.0,136452.0,,,499.0,3593.0,610.0,8730.0,187.0,1579.0,10255.0,2.0,55291.6168204172
Norway,2006,665.0,,120717.0,121582.0,119729.0,,,636.0,3800.0,519.0,9424.0,204.0,1519.0,11053.0,1.0,55071.686061874
Norway,2007,531.0,,124325.0,137192.0,134736.0,,,892.0,3952.0,563.0,10389.0,197.0,1440.0,11910.0,8.0,56966.3456187061
Norway,2008,702.0,,125624.0,142134.0,139981.0,,,913.0,3915.0,588.0,11001.0,202.0,1351.0,13830.0,11.0,55440.9768200456
Norway,2009,609.0,,120198.0,131773.0,126077.0,,,977.0,4024.0,438.0,12436.0,203.0,1269.0,13930.0,0.0,52699.8529291815
Norway,2010,512.0,,129200.0,123640.0,117152.0,,,879.0,4399.0,576.0,16081.0,203.0,1201.0,16527.0,17.0,55299.0969643191
Norway,2011,499.0,,121486.0,127655.0,121552.0,,,1283.0,4283.0,610.0,14049.0,202.0,1090.0,14105.0,15.0,54308.6438462418
Norway,2012,643.0,,126867.0,147716.0,142812.0,,,1548.0,4247.0,527.0,15823.0,186.0,1003.0,16024.0,25.0,53872.3085295614
Norway,2013,519.0,,126571.0,133975.0,128699.0,,,1881.0,4327.0,560.0,17618.0,162.0,967.0,20381.0,22.0,53585.6323909077
Poland,1991,187.0,,116816.0,134714.0,3411.0,,,,4540.0,28216.0,647664.0,26.0,3568.0,249311.0,,462432.787739736
Poland,1992,206.0,,113552.0,132750.0,3570.0,,,,4669.0,26192.0,606830.0,44.0,3774.0,247880.0,,447713.503956584
Poland,1993,62.0,,116264.0,133867.0,3576.0,,,,4775.0,32409.0,532435.0,162.0,3872.0,259768.0,,448350.912134395
Poland,1994,249.0,,117306.0,135347.0,3786.0,,,,4792.0,28481.0,497971.0,313.0,4281.0,270051.0,,443218.560379242
Poland,1995,425.0,,121880.0,139006.0,3851.0,,,1.0,5013.0,34265.0,369156.0,495.0,4351.0,282085.0,,445272.754045013
Poland,1996,580.0,,125326.0,143173.0,3910.0,,,0.0,6361.0,35013.0,390538.0,655.0,4537.0,284270.0,,458480.439643422
Poland,1997,600.0,,125536.0,142790.0,3816.0,,,2.0,6880.0,30761.0,362447.0,822.0,4933.0,305934.0,,448855.478154987
Poland,1998,654.0,,123998.0,142789.0,4327.0,,,4.0,7061.0,24673.0,337836.0,839.0,4992.0,296625.0,,415621.321964273
Poland,1999,683.0,,121598.0,142128.0,4282.0,,,4.0,7279.0,23394.0,318932.0,1004.0,5543.0,289845.0,,404031.189896818
Poland,2000,741.0,124.0,123052.0,145184.0,4116.0,,,5.0,7151.0,19317.0,288312.0,1021.0,5001.0,294155.0,,392275.757410682
Poland,2001,902.0,120.0,123336.0,145616.0,4220.0,,,14.0,7308.0,19196.0,316372.0,1224.0,4628.0,314714.0,,389931.343995107
Poland,2002,720.0,263.0,122057.0,144126.0,3906.0,,,61.0,7265.0,19482.0,297765.0,1524.0,4225.0,319131.0,,379645.914159297
Poland,2003,763.0,311.0,125922.0,151631.0,3293.0,,,124.0,7943.0,17747.0,309390.0,1903.0,4085.0,335779.0,138.0,393065.574037803
Poland,2004,632.0,318.0,129229.0,154159.0,3691.0,,,142.0,8728.0,17733.0,282298.0,2145.0,4116.0,353367.0,101.0,397602.77053831
Poland,2005,411.0,476.0,130222.0,156936.0,3778.0,,,135.0,9367.0,18027.0,277765.0,2300.0,4008.0,368369.0,221.0,397413.932819532
Poland,2006,577.0,535.0,135300.0,161742.0,3020.0,,,256.0,9860.0,19030.0,281564.0,2428.0,4144.0,377473.0,112.0,411535.543517724
Poland,2007,375.0,439.0,139157.0,159348.0,2939.0,,,522.0,10824.0,18703.0,261696.0,2484.0,4161.0,378592.0,49.0,411240.338790885
Poland,2008,971.0,531.0,139939.0,155305.0,2747.0,,,837.0,11714.0,19290.0,253621.0,2456.0,4197.0,382828.0,36.0,403146.506212713
Poland,2009,978.0,600.0,134833.0,151720.0,2974.0,,,1077.0,11837.0,18962.0,251963.0,2387.0,4272.0,383938.0,86.0,384946.328786087
Poland,2010,2019.0,563.0,141275.0,157657.0,3488.0,,,1664.0,12806.0,20433.0,274106.0,2383.0,4222.0,413286.0,56.0,403598.930904867
Poland,2011,2404.0,531.0,143026.0,163548.0,2761.0,,,3205.0,13266.0,19235.0,242749.0,2289.0,3991.0,397142.0,2.0,403271.359627781
Poland,2012,2814.0,661.0,144162.0,162139.0,2465.0,,1.0,4747.0,12685.0,19215.0,248565.0,2292.0,3795.0,407618.0,2.0,396983.549366664
Poland,2013,2706.0,778.0,144692.0,164557.0,2997.0,,1.0,6004.0,11754.0,18657.0,248749.0,2232.0,3635.0,413272.0,5.0,393091.872196718
Portugal,1991,,,28560.0,29872.0,9176.0,,1.0,1.0,2538.0,854.0,1182.0,825.0,1507.0,,0.0,62349.6783718647
Portugal,1992,,,29439.0,30088.0,5074.0,,1.0,4.0,2681.0,778.0,1318.0,888.0,1692.0,,0.0,66979.8391330233
Portugal,1993,,,29824.0,31206.0,8737.0,,1.0,11.0,2749.0,730.0,1437.0,949.0,1795.0,,0.0,65623.2879006346
Portugal,1994,,42.0,31017.0,31382.0,10702.0,,1.0,17.0,2907.0,749.0,1476.0,994.0,1851.0,,0.0,66935.8597846289
Portugal,1995,,42.0,32621.0,33265.0,8454.0,,1.0,16.0,3047.0,639.0,1523.0,999.0,1890.0,,97.0,71368.4216628915
Portugal,1996,,42.0,34159.0,34521.0,14857.0,,1.0,21.0,3287.0,713.0,2140.0,1097.0,1965.0,,119.0,68834.1828234374
Portugal,1997,,42.0,35656.0,34208.0,13175.0,,1.0,38.0,3561.0,573.0,2816.0,1100.0,1949.0,2044.0,196.0,72195.8182101078
Portugal,1998,,42.0,37652.0,38984.0,13054.0,,1.0,89.0,4014.0,474.0,3366.0,1061.0,2027.0,10897.0,377.0,77195.2341542197
Portugal,1999,,42.0,40389.0,43287.0,7631.0,,1.0,123.0,4211.0,380.0,3610.0,1057.0,2079.0,22763.0,508.0,85194.9945192914
Portugal,2000,,42.0,42588.0,43764.0,11715.0,,1.0,168.0,4734.0,484.0,5626.0,1008.0,2123.0,36773.0,410.0,83930.8395604369
Portugal,2001,,42.0,44598.0,46509.0,14375.0,,1.0,256.0,5148.0,265.0,6765.0,981.0,1995.0,48370.0,525.0,83843.3292797417
Portugal,2002,,42.0,45619.0,46107.0,8257.0,,2.0,362.0,5260.0,267.0,8380.0,961.0,2067.0,55042.0,652.0,88155.8828098531
Portugal,2003,,42.0,47684.0,46852.0,16054.0,,3.0,496.0,5306.0,215.0,9448.0,923.0,2005.0,56110.0,605.0,82929.5439878215
Portugal,2004,,42.0,49555.0,45105.0,10147.0,,3.0,816.0,5514.0,131.0,10789.0,894.0,1927.0,59569.0,715.0,85995.0655168983
Portugal,2005,,42.0,51240.0,46575.0,5118.0,,3.0,1773.0,5461.0,18.0,13712.0,859.0,1808.0,60814.0,825.0,88584.4251282468
Portugal,2006,,42.0,52231.0,49041.0,11467.0,,5.0,2925.0,5296.0,36.0,13840.0,792.0,1672.0,62304.0,796.0,83555.485883523
Portugal,2007,,42.0,52856.0,47253.0,10449.0,,24.0,4037.0,5440.0,278.0,14132.0,775.0,1587.0,66978.0,644.0,81099.9493471506
Portugal,2008,,42.0,53371.0,45969.0,7296.0,,38.0,5757.0,5344.0,109.0,13251.0,734.0,1488.0,67229.0,700.0,78734.1165596236
Portugal,2009,,42.0,52565.0,50207.0,9009.0,,160.0,7577.0,5434.0,30.0,13111.0,693.0,1462.0,66893.0,605.0,75935.9020110487
Portugal,2010,,42.0,54893.0,54090.0,16547.0,,211.0,9182.0,5479.0,75.0,14142.0,663.0,1388.0,72775.0,577.0,71333.5980754193
Portugal,2011,,65.0,53204.0,52463.0,12115.0,,280.0,9161.0,5083.0,26.0,13985.0,612.0,1248.0,76468.0,491.0,69774.2213716337
Portugal,2012,21.0,65.0,51817.0,46614.0,6660.0,,393.0,10259.0,4621.0,28.0,14449.0,572.0,1127.0,75125.0,410.0,67681.248812994
Portugal,2013,27.0,52.0,51728.0,51672.0,14868.0,,479.0,12014.0,4531.0,25.0,14735.0,554.0,1100.0,72882.0,438.0,65884.8578139682
Romania,1991,,,58251.0,58937.0,14588.0,,,,3024.0,455.0,331315.0,222.0,1744.0,696575.0,96.0,208477.415365055
Romania,1992,,,52261.0,54195.0,11700.0,,,,3241.0,599.0,372399.0,203.0,1256.0,246649.0,116.0,190934.821941263
Romania,1993,,,51242.0,55476.0,12768.0,,,,2564.0,103.0,361207.0,186.0,1088.0,256915.0,144.0,182011.073556392
Romania,1994,,,49906.0,55136.0,13046.0,,,,2682.0,96.0,224546.0,127.0,1195.0,391183.0,119.0,178107.9044609
Romania,1995,,,53199.0,59266.0,16693.0,,,,2678.0,4.0,195896.0,190.0,1022.0,441346.0,138.0,185010.510955194
Romania,1996,,,53333.0,61350.0,15755.0,1386.0,,,3599.0,6.0,235051.0,158.0,1409.0,419004.0,172.0,187475.719181006
Romania,1997,,,53624.0,57148.0,17509.0,5400.0,,,3531.0,8.0,204538.0,249.0,1556.0,355882.0,135.0,175492.32678625
Romania,1998,,,50479.0,53496.0,18879.0,5307.0,,,3274.0,15.0,209918.0,258.0,1544.0,295675.0,131.0,155283.125768437
Romania,1999,,321.0,45383.0,50710.0,18290.0,5198.0,,,2327.0,7.0,165794.0,276.0,1251.0,295003.0,142.0,136767.727856024
Romania,2000,,281.0,47929.0,51934.0,14778.0,5456.0,,,2565.0,54.0,149463.0,281.0,1326.0,301252.0,240.0,142404.667364628
Romania,2001,,229.0,49113.0,53866.0,14923.0,5446.0,,,2839.0,17.0,137778.0,304.0,1689.0,318625.0,321.0,149257.929059923
Romania,2002,0.0,645.0,48202.0,54735.0,16046.0,5513.0,,0.0,3015.0,11.0,111594.0,317.0,1663.0,323686.0,441.0,148022.889172072
Romania,2003,0.0,744.0,49233.0,55140.0,13259.0,4906.0,,0.0,3082.0,7.0,101288.0,397.0,1660.0,354912.0,305.0,153271.396474872
Romania,2004,0.0,518.0,51511.0,56499.0,16513.0,5548.0,,0.0,3109.0,338.0,91557.0,381.0,1715.0,343227.0,489.0,151877.024946004
Romania,2005,0.0,717.0,52601.0,59413.0,20207.0,5555.0,,0.0,2935.0,381.0,101462.0,642.0,1695.0,334311.0,350.0,149329.227887785
Romania,2006,0.0,563.0,54077.0,62697.0,18356.0,5632.0,,0.0,3223.0,189.0,93399.0,477.0,1552.0,359181.0,189.0,151431.555316116
Romania,2007,29.0,617.0,54075.0,61673.0,15966.0,7709.0,0.0,3.0,3676.0,134.0,75287.0,628.0,1607.0,304365.0,218.0,148708.180463993
Romania,2008,15.0,971.0,55852.0,64956.0,17195.0,11226.0,0.0,5.0,3939.0,120.0,74479.0,410.0,1532.0,317867.0,268.0,143548.868953372
Romania,2009,17.0,1005.0,50109.0,58014.0,15807.0,11752.0,0.0,9.0,3665.0,88.0,68469.0,523.0,1486.0,273211.0,135.0,125528.055603277
Romania,2010,101.0,916.0,53181.0,60979.0,20243.0,11623.0,0.0,306.0,3545.0,111.0,69063.0,425.0,1329.0,279902.0,65.0,119124.98108324
Romania,2011,414.0,923.0,54301.0,62217.0,14946.0,11747.0,1.0,1388.0,3843.0,250.0,69546.0,443.0,1281.0,283858.0,206.0,124264.61705774
Romania,2012,919.0,902.0,53595.0,59045.0,12337.0,11466.0,8.0,2640.0,4349.0,208.0,62922.0,370.0,1322.0,278070.0,297.0,122666.95430426
Romania,2013,383.0,1049.0,51662.0,58887.0,15308.0,11618.0,420.0,4520.0,4136.0,185.0,59197.0,374.0,1268.0,264286.0,244.0,111933.89585605
Russian Federation,1992,,,922416.0,1008450.0,171843.0,119626.0,,,48896.0,29368.0,8500252.0,2517.0,28860.0,5160538.0,1048.0,3002768.80020962
Russian Federation,1993,,,869283.0,956587.0,174284.0,119186.0,,,35033.0,30599.0,8561943.0,2572.0,25619.0,5455954.0,1068.0,2809294.52481872
Russian Federation,1994,,,792254.0,875914.0,176011.0,97820.0,,,26797.0,21865.0,7751280.0,2458.0,24873.0,4983401.0,772.0,2511690.61824298
Russian Federation,1995,,,780463.0,860027.0,176412.0,99532.0,,,24052.0,21373.0,7198200.0,1980.0,24836.0,4813916.0,1321.0,2429432.44370705
Russian Federation,1996,,,765462.0,847183.0,154345.0,109026.0,,,24353.0,15688.0,5973400.0,1523.0,23622.0,4797936.0,734.0,2354767.26191203
Russian Federation,1997,,,752315.0,834132.0,157542.0,108498.0,,0.0,23407.0,14845.0,5715100.0,2505.0,23832.0,4440090.0,1321.0,2261183.4663907
Russian Federation,1998,,,742949.0,827158.0,159466.0,105320.0,,0.0,21367.0,13931.0,5677500.0,1359.0,24403.0,4577999.0,997.0,2229674.66572712
Russian Federation,1999,,,765341.0,846226.0,161371.0,121874.0,,2.0,22015.0,17144.0,5705634.0,2644.0,24322.0,4657613.0,979.0,2261391.53957599
Russian Federation,2000,,,794510.0,877766.0,165375.0,130715.0,,2.0,22931.0,17812.0,5727572.0,4151.0,23259.0,4663794.0,1123.0,2274497.94442973
Russian Federation,2001,,,805579.0,891284.0,175850.0,136935.0,,3.0,23443.0,19457.0,5724348.0,3940.0,24896.0,4662221.0,874.0,2334066.89048283
Russian Federation,2002,,,806887.0,891285.0,164190.0,141629.0,,6.0,21525.0,13951.0,5471352.0,3981.0,25485.0,4712889.0,1062.0,2342532.90912542
Russian Federation,2003,,,831726.0,916286.0,157720.0,150342.0,,9.0,21915.0,13778.0,5525833.0,4586.0,25662.0,5024666.0,1061.0,2422097.78719788
Russian Federation,2004,,,851644.0,931865.0,177783.0,144707.0,,7.0,23211.0,13478.0,5446251.0,5086.0,26451.0,5060216.0,940.0,2471236.40549359
Russian Federation,2005,,,872447.0,953086.0,174604.0,149446.0,,7.0,23103.0,10313.0,5036039.0,5292.0,26260.0,4960426.0,1016.0,2501637.91007254
Russian Federation,2006,,,905402.0,995794.0,175282.0,156436.0,,5.0,24307.0,10787.0,5136566.0,5862.0,27893.0,5070220.0,1254.0,2574412.00965123
Russian Federation,2007,,,925553.0,1015333.0,178982.0,160039.0,,7.0,24830.0,8995.0,4966054.0,6210.0,28757.0,4981000.0,993.0,2584309.06044644
Russian Federation,2008,,,952620.0,1040379.0,166711.0,163085.0,,5.0,26590.0,11626.0,4757649.0,6742.0,31573.0,5127508.0,1203.0,2616463.55390157
Russian Federation,2009,,,914959.0,991980.0,176118.0,163584.0,,4.0,23961.0,8485.0,4543552.0,4407.0,31279.0,4756279.0,1252.0,2481987.79247174
Russian Federation,2010,,,949353.0,1038030.0,168397.0,170415.0,,4.0,23253.0,7628.0,4799594.0,4123.0,33334.0,5081908.0,1571.0,2602483.42792335
Russian Federation,2011,,,961241.0,1054765.0,167608.0,172941.0,,5.0,26035.0,8058.0,5173595.0,4626.0,33765.0,4896134.0,1696.0,2665179.25767954
Russian Federation,2012,,,982820.0,1070734.0,167319.0,177534.0,,5.0,22816.0,8432.0,5180648.0,5401.0,35061.0,4482850.0,1844.0,2700925.24004231
Russian Federation,2013,,,978734.0,1059092.0,182654.0,172508.0,,5.0,23367.0,6428.0,4520206.0,5839.0,35689.0,4405603.0,2627.0,2643064.5998411
Slovakia,1992,,,23504.0,23627.0,2332.0,11050.0,,,837.0,769.0,27593.0,32.0,435.0,169387.0,,59204.279816753
Slovakia,1993,,,22654.0,24442.0,3865.0,11486.0,,,767.0,1028.0,26895.0,37.0,414.0,161445.0,,55689.2829100671
Slovakia,1994,,,22801.0,25712.0,4609.0,12595.0,,,778.0,984.0,24954.0,38.0,482.0,150765.0,,53053.299044382
Slovakia,1995,,,24363.0,26774.0,5226.0,11437.0,,,881.0,1013.0,30243.0,34.0,504.0,164626.0,,54405.5771330106
Slovakia,1996,,,25965.0,25760.0,4533.0,11249.0,,,834.0,739.0,35250.0,33.0,459.0,178786.0,,54706.0658504021
Slovakia,1997,,,25865.0,25347.0,4358.0,11073.0,,,850.0,862.0,30940.0,35.0,629.0,176706.0,,54396.9380264408
Slovakia,1998,,,23985.0,26032.0,4567.0,11394.0,,,863.0,992.0,33056.0,32.0,612.0,184960.0,,52993.843018462
Slovakia,1999,,,25632.0,28407.0,4776.0,13117.0,,,853.0,493.0,26666.0,32.0,638.0,189601.0,,51700.4255895351
Slovakia,2000,,,24648.0,31158.0,4975.0,16494.0,,,830.0,768.0,25916.0,30.0,592.0,193863.0,,49712.4776565827
Slovakia,2001,208.0,42.0,25671.0,32046.0,5117.0,17103.0,,,871.0,823.0,44261.0,34.0,611.0,185779.0,47.0,52127.6656030658
Slovakia,2002,109.0,69.0,25543.0,32427.0,5483.0,17953.0,,,1028.0,638.0,42735.0,90.0,722.0,176044.0,46.0,50144.7586875242
Slovakia,2003,75.0,53.0,26196.0,31178.0,3672.0,17864.0,,2.0,895.0,740.0,42945.0,54.0,668.0,166670.0,34.0,50586.5760160679
Slovakia,2004,206.0,51.0,26121.0,30567.0,4207.0,17026.0,,6.0,962.0,722.0,42032.0,50.0,614.0,153599.0,54.0,51315.162528611
Slovakia,2005,39.0,57.0,25868.0,31455.0,4741.0,17727.0,,6.0,1097.0,716.0,39826.0,57.0,643.0,182706.0,49.0,51287.3749784774
Slovakia,2006,201.0,67.0,26329.0,31418.0,4566.0,18012.0,,6.0,1172.0,754.0,34719.0,48.0,606.0,171136.0,39.0,51206.9149886339
Slovakia,2007,95.0,68.0,27257.0,28056.0,4615.0,15334.0,,8.0,1327.0,867.0,31084.0,27.0,634.0,162684.0,13.0,49405.0730814613
Slovakia,2008,128.0,70.0,26881.0,28962.0,4241.0,16703.0,,7.0,1443.0,936.0,29888.0,52.0,673.0,168066.0,16.0,50088.7365180064
Slovakia,2009,401.0,68.0,25084.0,26155.0,4604.0,14081.0,,6.0,1274.0,1157.0,32182.0,57.0,630.0,138460.0,26.0,45557.6290204964
Slovakia,2010,225.0,70.0,25933.0,27858.0,5649.0,14574.0,17.0,6.0,1571.0,944.0,35649.0,38.0,622.0,162437.0,23.0,46482.8737554074
Slovakia,2011,797.0,60.0,26308.0,28656.0,4146.0,15411.0,397.0,5.0,1545.0,852.0,32133.0,41.0,586.0,136449.0,38.0,45604.0184269931
Slovakia,2012,817.0,55.0,26154.0,28664.0,4439.0,15495.0,424.0,6.0,1525.0,615.0,31943.0,57.0,569.0,131256.0,47.0,43175.5884668369
Slovakia,2013,228.0,69.0,26799.0,28832.0,5166.0,15720.0,588.0,6.0,1518.0,753.0,31093.0,56.0,574.0,139388.0,44.0,42792.4788996332
Slovenia,1992,,,9271.0,12344.0,3423.0,3971.0,,,673.0,13.0,7917.0,42.0,580.0,26037.0,,17410.0681306423
Slovenia,1993,,,9304.0,11946.0,3035.0,3956.0,,,845.0,17.0,8070.0,38.0,689.0,25777.0,,17605.5382076413
Slovenia,1994,,,9890.0,12895.0,3399.0,4609.0,,,908.0,22.0,7922.0,37.0,765.0,25758.0,,18004.4453928209
Slovenia,1995,,,10175.0,12913.0,3252.0,4779.0,,,1053.0,20.0,8706.0,34.0,821.0,26771.0,,18761.01803777
Slovenia,1996,,,10361.0,13057.0,3673.0,4647.0,,,1276.0,26.0,9473.0,39.0,923.0,27846.0,,19440.2444733498
Slovenia,1997,,,10661.0,13176.0,3092.0,5019.0,,,1296.0,19.0,8863.0,74.0,913.0,28377.0,,19794.466740047
Slovenia,1998,,,10972.0,13728.0,3449.0,5042.0,,,1256.0,14.0,8923.0,75.0,798.0,29128.0,,19520.3865901311
Slovenia,1999,23.0,,11119.0,13262.0,3741.0,4696.0,,,1256.0,10.0,8661.0,84.0,774.0,29685.0,25.0,18892.7989721634
Slovenia,2000,28.0,,11474.0,13624.0,3834.0,4761.0,,,1146.0,11.0,8181.0,92.0,807.0,26464.0,0.0,19126.2291661025
Slovenia,2001,51.0,,11819.0,14466.0,3796.0,5257.0,,,1244.0,16.0,8258.0,88.0,800.0,27904.0,0.0,20010.7197823299
Slovenia,2002,52.0,,12559.0,14598.0,3312.0,5528.0,,,1261.0,35.0,7735.0,84.0,767.0,27449.0,0.0,20159.895746672
Slovenia,2003,47.0,,13059.0,13820.0,2957.0,5207.0,,,1308.0,41.0,7921.0,88.0,749.0,29438.0,27.0,19878.2471571766
Slovenia,2004,65.0,,13552.0,15271.0,4094.0,5459.0,,,1425.0,32.0,8165.0,82.0,666.0,30978.0,41.0,20198.4456736378
Slovenia,2005,61.0,,13824.0,15117.0,3461.0,5884.0,,,1469.0,39.0,8194.0,89.0,655.0,30926.0,47.0,20522.7384015046
Slovenia,2006,58.0,,14161.0,15115.0,3591.0,5548.0,,,1546.0,37.0,7953.0,83.0,640.0,30574.0,64.0,20694.9724736023
Slovenia,2007,72.0,0.0,14273.0,15043.0,3266.0,5695.0,0.0,,1579.0,59.0,7123.0,83.0,620.0,30017.0,51.0,20831.8365544054
Slovenia,2008,80.0,0.0,13758.0,16399.0,4018.0,6273.0,1.0,0.0,1952.0,62.0,7721.0,84.0,651.0,29780.0,51.0,21523.5484179448
Slovenia,2009,87.0,283.0,12316.0,16403.0,4715.0,5739.0,4.0,0.0,1646.0,23.0,7513.0,79.0,594.0,26666.0,44.0,19595.3672464151
Slovenia,2010,107.0,1078.0,13045.0,16440.0,4703.0,5657.0,13.0,0.0,1728.0,16.0,8030.0,84.0,582.0,28859.0,31.0,19618.7649294739
Slovenia,2011,102.0,1169.0,13436.0,16059.0,3706.0,6215.0,65.0,0.0,1735.0,15.0,7976.0,79.0,566.0,26893.0,27.0,19626.4639887411
Slovenia,2012,100.0,1133.0,13415.0,15736.0,4087.0,5528.0,163.0,0.0,1734.0,13.0,7644.0,83.0,514.0,25460.0,24.0,19035.4208792702
Slovenia,2013,97.0,1250.0,13435.0,16103.0,4923.0,5300.0,215.0,4.0,1641.0,4.0,7661.0,76.0,470.0,25150.0,43.0,18313.7815337237
Sweden,1991,,,141137.0,147396.0,63662.0,76761.0,,13.0,4808.0,676.0,83194.0,382.0,4251.0,14497.0,4.0,72041.2548529878
Sweden,1992,,,131569.0,146465.0,74861.0,63544.0,,31.0,5040.0,591.0,135011.0,394.0,4350.0,13935.0,4.0,71527.0503616345
Sweden,1993,,,133194.0,145812.0,75216.0,61395.0,1.0,48.0,4925.0,626.0,144551.0,343.0,4119.0,16175.0,4.0,71807.1907332996
Sweden,1994,,,133622.0,143053.0,59453.0,73156.0,1.0,72.0,5223.0,518.0,145343.0,385.0,4158.0,16273.0,4.0,74231.4889121949
Sweden,1995,,,136809.0,148351.0,68160.0,69935.0,1.0,99.0,5198.0,581.0,148212.0,389.0,4251.0,17159.0,1.0,74029.3603217318
Sweden,1996,,,138695.0,140662.0,51775.0,74274.0,1.0,144.0,5450.0,547.0,163487.0,400.0,4205.0,18902.0,,77574.1002048805
Sweden,1997,,,137802.0,149249.0,69099.0,69928.0,1.0,203.0,5301.0,574.0,146603.0,397.0,4126.0,18407.0,,72772.2987213703
Sweden,1998,,,139566.0,158831.0,75040.0,73583.0,1.0,317.0,5395.0,464.0,153548.0,408.0,4017.0,19856.0,,73085.864192708
Sweden,1999,,,139250.0,154860.0,71713.0,73188.0,1.0,358.0,5376.0,371.0,157717.0,381.0,4035.0,20979.0,,70181.7030568556
Sweden,2000,,,141951.0,145266.0,78619.0,57316.0,1.0,457.0,5162.0,496.0,148636.0,351.0,3977.0,20623.0,,68868.7688476056
Sweden,2001,,,146410.0,161617.0,79082.0,72109.0,2.0,482.0,5004.0,430.0,166928.0,357.0,3961.0,22902.0,,69192.115810022
Sweden,2002,,,145097.0,146735.0,66395.0,68111.0,2.0,608.0,4928.0,532.0,167986.0,400.0,4088.0,21359.0,,70160.7817014108
Sweden,2003,,,142733.0,135437.0,53598.0,67415.0,2.0,679.0,5164.0,518.0,170110.0,399.0,4105.0,23117.0,,70601.3604284107
Sweden,2004,,,144003.0,151728.0,60178.0,77486.0,2.0,850.0,4859.0,598.0,171280.0,407.0,4112.0,24150.0,,69582.4418008926
Sweden,2005,,,144934.0,158436.0,72874.0,72377.0,2.0,936.0,4733.0,568.0,174755.0,395.0,4061.0,23692.0,,66968.3027050278
Sweden,2006,,,144307.0,143419.0,61856.0,66977.0,2.0,987.0,4442.0,560.0,175003.0,359.0,3966.0,24323.0,,66923.4245261691
Sweden,2007,0.0,,144393.0,148926.0,66262.0,66969.0,3.0,1430.0,4506.0,581.0,171377.0,355.0,3938.0,25194.0,,65372.6535713726
Sweden,2008,3224.0,,142519.0,150036.0,69211.0,63889.0,4.0,1996.0,4422.0,558.0,170090.0,327.0,3696.0,22190.0,,63121.1224890111
Sweden,2009,3642.0,,136229.0,136729.0,65977.0,52173.0,7.0,2485.0,4428.0,399.0,178359.0,249.0,3632.0,21005.0,,59052.7638105561
Sweden,2010,3642.0,,145597.0,148563.0,66501.0,57828.0,9.0,3502.0,4850.0,532.0,215262.0,292.0,3412.0,25923.0,,64997.0873748557
Sweden,2011,3677.0,,138196.0,150376.0,66556.0,60475.0,11.0,6078.0,4850.0,623.0,173110.0,327.0,3166.0,26363.0,,60987.1477086748
Sweden,2012,4252.0,,141284.0,166562.0,79058.0,64037.0,19.0,7165.0,4741.0,560.0,188366.0,298.0,2910.0,27652.0,,57578.3590921027
Sweden,2013,4643.0,,137885.0,153166.0,61496.0,66457.0,35.0,9842.0,4729.0,560.0,186566.0,294.0,2763.0,23091.0,,55939.5232899326
Switzerland,1991,1131.0,3326.0,51751.0,58222.0,33413.0,22953.0,2.0,,6486.0,389.0,15984.0,99.0,3857.0,77106.0,35.0,55639.7237950684
Switzerland,1992,1179.0,3272.0,52164.0,59673.0,34062.0,23448.0,3.0,,6406.0,256.0,15261.0,87.0,3998.0,81398.0,18.0,55328.4188013381
Switzerland,1993,1225.0,3387.0,51540.0,61699.0,36612.0,23351.0,4.0,,6147.0,210.0,15045.0,100.0,3705.0,86066.0,20.0,52653.1435325936
Switzerland,1994,1249.0,3295.0,51316.0,66306.0,39952.0,24363.0,5.0,,5881.0,217.0,15083.0,98.0,3703.0,83974.0,26.0,51621.0235260782
Switzerland,1995,1268.0,3670.0,52363.0,63032.0,35954.0,24895.0,5.0,,6148.0,239.0,14350.0,91.0,3590.0,88916.0,28.0,52478.7556320352
Switzerland,1996,1316.0,4073.0,52960.0,57500.0,29995.0,25142.0,6.0,1.0,6275.0,177.0,14779.0,103.0,3682.0,95277.0,17.0,53186.2855469605
Switzerland,1997,1320.0,3884.0,52906.0,63092.0,35142.0,25409.0,8.0,2.0,5957.0,130.0,16498.0,121.0,3824.0,91184.0,15.0,51912.0054489952
Switzerland,1998,1359.0,4187.0,53943.0,63470.0,34637.0,25830.0,8.0,3.0,6207.0,106.0,16957.0,126.0,3851.0,94740.0,14.0,53492.7538506534
Switzerland,1999,1401.0,4334.0,56038.0,69690.0,41022.0,25830.0,9.0,3.0,6226.0,109.0,17105.0,116.0,3979.0,98353.0,11.0,53236.2713352315
Switzerland,2000,1405.0,4312.0,56452.0,67520.0,38230.0,26446.0,11.0,3.0,5910.0,173.0,16779.0,113.0,3983.0,98741.0,,52503.4061884284
Switzerland,2001,1445.0,4672.0,57928.0,72422.0,42673.0,26811.0,12.0,4.0,6326.0,195.0,16977.0,111.0,3873.0,103466.0,,54082.8662797344
Switzerland,2002,1439.0,4790.0,58177.0,67174.0,36924.0,27234.0,14.0,5.0,5987.0,168.0,17524.0,116.0,3795.0,100948.0,,52481.142702361
Switzerland,2003,1423.0,5245.0,59300.0,67445.0,36865.0,27487.0,17.0,5.0,6326.0,181.0,19090.0,100.0,3776.0,105644.0,,53687.2737163904
Switzerland,2004,1439.0,5507.0,60407.0,65584.0,35468.0,26958.0,17.0,6.0,6334.0,177.0,19955.0,121.0,3708.0,108762.0,,54308.7416200949
Switzerland,2005,1424.0,6093.0,61552.0,59647.0,33086.0,23341.0,19.0,8.0,6525.0,178.0,19816.0,98.0,3596.0,113650.0,,54987.570906894
Switzerland,2006,1466.0,6326.0,61964.0,64059.0,32883.0,27819.0,23.0,15.0,6438.0,141.0,18986.0,108.0,3485.0,111647.0,,54609.7557634477
Switzerland,2007,1496.0,6840.0,61642.0,67924.0,36737.0,27925.0,27.0,16.0,5988.0,182.0,17800.0,95.0,3453.0,109532.0,,52679.9643373268
Switzerland,2008,1512.0,8149.0,62995.0,68932.0,37935.0,27700.0,34.0,19.0,6371.0,162.0,18675.0,110.0,3377.0,117554.0,,54210.033000036
Switzerland,2009,1504.0,8956.0,61664.0,68453.0,37507.0,27686.0,50.0,23.0,6274.0,155.0,18122.0,105.0,3284.0,112661.0,,52900.817831085
Switzerland,2010,1619.0,10848.0,64142.0,67815.0,37825.0,26339.0,83.0,37.0,6568.0,166.0,20662.0,105.0,3166.0,124508.0,,54498.086337724
Switzerland,2011,1679.0,10418.0,63071.0,64629.0,34133.0,26710.0,149.0,70.0,5728.0,144.0,18321.0,91.0,3045.0,111652.0,,50420.4743715341
Switzerland,2012,1764.0,12184.0,63586.0,69893.0,40305.0,25441.0,320.0,88.0,6111.0,138.0,18867.0,82.0,2937.0,123830.0,,51759.6721418105
Switzerland,2013,1812.0,13630.0,64073.0,70312.0,39968.0,25990.0,544.0,90.0,6413.0,137.0,19229.0,91.0,2803.0,131682.0,,52641.2178097103
Turkey,1991,,15291.0,56844.0,60246.0,22683.0,,,,6977.0,3351.0,,1710.0,3102.0,32944.0,,214128.322164344
Turkey,1992,,16261.0,62980.0,67342.0,26568.0,,,,6869.0,3244.0,,1859.0,3406.0,51598.0,,220797.144315653
Turkey,1993,,16750.0,69489.0,73808.0,33951.0,,,,8312.0,3088.0,,2101.0,3955.0,66868.0,,230628.999213425
Turkey,1994,,17378.0,73243.0,78321.0,30586.0,,,,7837.0,2544.0,,2062.0,3974.0,72248.0,,224719.235237721
Turkey,1995,,18288.0,81163.0,86247.0,35541.0,,,,8590.0,3121.0,,2362.0,4330.0,102122.0,,239039.791797548
Turkey,1996,,19705.0,90011.0,94862.0,40475.0,,,,8916.0,5281.0,,2518.0,4570.0,129429.0,,256657.080416341
Turkey,1997,,22230.0,100467.0,103296.0,39816.0,,,,7605.0,6342.0,,2860.0,4580.0,160244.0,,269942.502958794
Turkey,1998,,24386.0,108499.0,111022.0,42229.0,,,5.0,6600.0,6813.0,,3191.0,4543.0,169806.0,,271755.93253179
Turkey,1999,,25887.0,112747.0,116440.0,34677.0,,,21.0,7832.0,5547.0,,3357.0,4257.0,182577.0,,271357.95510034
Turkey,2000,,25887.0,122052.0,124922.0,30879.0,,,33.0,8323.0,9393.0,16183.0,4491.0,3619.0,224182.0,,296810.835017591
Turkey,2001,,28767.0,120397.0,122725.0,24010.0,,,62.0,8386.0,5446.0,12592.0,3799.0,2987.0,240891.0,,278784.945605068
Turkey,2002,,30557.0,126880.0,129400.0,33683.0,,,48.0,9223.0,8379.0,17374.0,3571.0,3115.0,259633.0,,287094.567920903
Turkey,2003,,32818.0,135818.0,140581.0,35330.0,,,61.0,9436.0,9889.0,15367.0,3535.0,2675.0,338237.0,,303694.424923634
Turkey,2004,,33949.0,144385.0,150698.0,46084.0,,,58.0,9899.0,10105.0,18831.0,3911.0,2373.0,373270.0,,316893.705222216
Turkey,2005,,38763.0,154307.0,161956.0,39561.0,,,59.0,9811.0,10032.0,35597.0,4153.0,2644.0,444877.0,,345231.79488074
Turkey,2006,,37590.0,167880.0,176299.0,44244.0,,,127.0,11375.0,12577.0,40149.0,3490.0,2702.0,577919.0,,371320.553164485
Turkey,2007,,38260.0,181782.0,191558.0,35851.0,,,355.0,13370.0,14729.0,43274.0,3420.0,2435.0,644514.0,,403392.48602378
Turkey,2008,,42329.0,189430.0,198418.0,33270.0,,,847.0,14369.0,10605.0,42685.0,3381.0,2328.0,603565.0,,393100.907685785
Turkey,2009,,52308.0,185885.0,194812.0,35958.0,,,1495.0,13460.0,10211.0,44383.0,3634.0,2429.0,515134.0,,382513.418915312
Turkey,2010,,58257.0,202272.0,211208.0,51796.0,,,2916.0,14233.0,12556.0,51330.0,3676.0,2028.0,602038.0,,395282.5101948
Turkey,2011,,61252.0,218469.0,229393.0,52338.0,,,4723.0,14938.0,10513.0,50917.0,3685.0,1930.0,810311.0,,415868.814166092
Turkey,2012,,61254.0,230580.0,239496.0,57865.0,,,5860.0,15771.0,13750.0,51317.0,3627.0,1794.0,830694.0,,447452.331322876
Turkey,2013,,61252.0,235179.0,240154.0,59420.0,,,7557.0,16820.0,10015.0,51633.0,3734.0,1909.0,871290.0,,438819.583998087
Ukraine,1992,,,232017.0,252524.0,8090.0,73750.0,,,7193.0,33879.0,,2927.0,5797.0,2000000.0,76.0,795446.960614269
Ukraine,1993,,,212550.0,229907.0,11237.0,75243.0,,,7244.0,33879.0,596217.0,1275.0,4142.0,2000000.0,14.0,705376.575954999
Ukraine,1994,,,187547.0,202922.0,12327.0,68848.0,,,6208.0,22955.0,551846.0,1439.0,3836.0,2000000.0,,600339.977227621
Ukraine,1995,,,176969.0,194318.0,10150.0,70823.0,,,6675.0,18274.0,459670.0,2281.0,3984.0,2000000.0,,557047.936317596
Ukraine,1996,,,165933.0,181986.0,8833.0,79577.0,,,4940.0,13541.0,433515.0,322.0,3585.0,1950000.0,51.0,511686.629324465
Ukraine,1997,,,164682.0,178002.0,10032.0,79433.0,,,4724.0,2660.0,437074.0,357.0,5508.0,1917000.0,45.0,496219.978436793
Ukraine,1998,,,159816.0,172822.0,15918.0,75239.0,,3.0,4836.0,2941.0,411654.0,361.0,5069.0,1880000.0,60.0,464400.030828998
Ukraine,1999,,,156148.0,172120.0,11752.0,72065.0,,3.0,3811.0,2702.0,399094.0,279.0,4071.0,2024952.0,30.0,437037.553867475
Ukraine,2000,,,155309.0,171445.0,11450.0,77341.0,,6.0,3763.0,2532.0,363010.0,186.0,3825.0,1935100.0,28.0,413923.442159161
Ukraine,2001,,,156225.0,172972.0,12191.0,76169.0,,16.0,4346.0,5118.0,566727.0,398.0,4424.0,1322953.0,27.0,433832.545959988
Ukraine,2002,,,156876.0,173734.0,9789.0,77990.0,,22.0,5298.0,3967.0,578062.0,190.0,3273.0,1002930.0,0.0,417502.686515017
Ukraine,2003,,,161409.0,180360.0,9390.0,81406.0,,31.0,5502.0,4348.0,536222.0,189.0,3373.0,1099404.0,0.0,417556.108545758
Ukraine,2004,,,162599.0,182165.0,11888.0,87022.0,,33.0,5809.0,4522.0,522344.0,204.0,3504.0,1123577.0,,427912.423607696
Ukraine,2005,,,162893.0,186055.0,12505.0,88756.0,,38.0,4850.0,4829.0,526069.0,190.0,3537.0,1163936.0,,435660.661700088
Ukraine,2006,,,167698.0,193381.0,13034.0,90225.0,,35.0,5124.0,5313.0,470882.0,239.0,4411.0,1222437.0,,452089.762758341
Ukraine,2007,,,171833.0,196251.0,10259.0,92542.0,,45.0,5303.0,4742.0,425480.0,284.0,4795.0,1163560.0,,455267.444575027
Ukraine,2008,,,170678.0,192586.0,11512.0,89841.0,,45.0,5323.0,3849.0,515324.0,315.0,5060.0,1358392.0,,442172.375153511
Ukraine,2009,,,154902.0,173645.0,11936.0,82924.0,,43.0,4987.0,2971.0,467442.0,383.0,4706.0,1050846.0,,384651.787849048
Ukraine,2010,,,169773.0,188857.0,13158.0,89152.0,1.0,51.0,5450.0,3601.0,522675.0,449.0,4367.0,1130008.0,,401929.093345106
Ukraine,2011,,,173343.0,194947.0,10946.0,90248.0,30.0,89.0,5875.0,5245.0,500453.0,503.0,4398.0,1142102.0,,421635.992874612
Ukraine,2012,,,171930.0,198878.0,10994.0,90137.0,333.0,288.0,6105.0,6247.0,496868.0,501.0,4240.0,1009660.0,,409531.352681124
Ukraine,2013,,,168219.0,194377.0,14472.0,83209.0,570.0,639.0,6030.0,6286.0,490054.0,855.0,3957.0,974564.0,,401066.965549848
United States,1991,,14655.0,3082657.0,3275840.0,309155.0,649399.0,782.0,3051.0,134176.0,60253.0,254725.0,19916.0,307662.0,13372330.0,,6330937.8855059
United States,1992,,14948.0,3103012.0,3291109.0,274883.0,655970.0,749.0,2917.0,139056.0,35474.0,298848.0,20296.0,315999.0,13536783.0,,6448677.15402554
United States,1993,,15534.0,3215846.0,3411280.0,303060.0,646987.0,901.0,3053.0,142714.0,32863.0,302803.0,20233.0,322576.0,14174174.0,,6566415.85639104
United States,1994,,16414.0,3288120.0,3473435.0,284373.0,678920.0,828.0,3483.0,148108.0,32225.0,298219.0,20972.0,328700.0,14233736.0,,6650296.59510407
United States,1995,,17000.0,3384560.0,3582114.0,337856.0,713806.0,828.0,3196.0,150998.0,29650.0,312103.0,9777.0,336703.0,14527320.0,,6748528.92555948
United States,1996,,17293.0,3473465.0,3677022.0,376702.0,715212.0,906.0,3410.0,157576.0,30370.0,317158.0,10551.0,341071.0,15185498.0,,6949838.00415347
United States,1997,,17879.0,3487911.0,3697728.0,358685.0,666363.0,897.0,3254.0,160323.0,32922.0,318651.0,11082.0,346401.0,15506161.0,,6999999.10041935
United States,1998,,18465.0,3602338.0,3830489.0,322080.0,714124.0,890.0,3018.0,159383.0,30556.0,304507.0,10537.0,356758.0,14653941.0,,7066788.16280946
United States,1999,65817.0,20363.0,3679960.0,3897518.0,301793.0,771811.0,689.0,4802.0,163920.0,34519.0,288447.0,12620.0,364363.0,14647930.0,,7090442.61148359
United States,2000,60644.0,21735.0,3818903.0,4052667.0,279986.0,797718.0,709.0,5650.0,172993.0,34227.0,221152.0,12857.0,367082.0,15935875.0,,7258973.11700554
United States,2001,63277.0,23844.0,3723850.0,3865307.0,214728.0,792604.0,785.0,6806.0,178373.0,35464.0,207733.0,12001.0,372126.0,14866484.0,,7140899.14134197
United States,2002,79263.0,25111.0,3881519.0,4051120.0,291755.0,804519.0,830.0,10459.0,177198.0,34009.0,202733.0,12228.0,382285.0,14783550.0,,7185328.13819684
United States,2003,74431.0,31441.0,3889900.0,4081764.0,305724.0,787818.0,848.0,11300.0,184109.0,33891.0,200413.0,12221.0,385644.0,14751463.0,,7224974.03260127
United States,2004,76793.0,31441.0,3982236.0,4174856.0,297894.0,813339.0,965.0,14291.0,190313.0,33701.0,129013.0,11247.0,394000.0,14458348.0,,7369970.03456985
United States,2005,81142.0,35661.0,4080649.0,4294368.0,297926.0,810726.0,1120.0,17881.0,194296.0,33454.0,136483.0,10825.0,395206.0,13866890.0,,7378775.49753729
United States,2006,83472.0,38721.0,4083837.0,4300831.0,317689.0,816195.0,1287.0,26676.0,196188.0,34197.0,296032.0,9305.0,398909.0,13397245.0,,7316144.45592763
United States,2007,95784.0,43363.0,4188972.0,4349840.0,275545.0,836634.0,1673.0,34603.0,198808.0,33492.0,301463.0,9650.0,399561.0,14158412.0,,7422207.96295139
United States,2008,94252.0,10234.0,4153344.0,4368260.0,281995.0,837804.0,2091.0,55696.0,189110.0,33576.0,291612.0,9483.0,388469.0,14432359.0,,7216415.07090248
United States,2009,105716.0,9179.0,3985365.0,4188214.0,298410.0,830210.0,2514.0,74226.0,172523.0,26244.0,284430.0,8960.0,385333.0,13681693.0,,6776229.77387706
United States,2010,1799.0,9285.0,4153664.0,4378422.0,286333.0,838931.0,3934.0,95148.0,180625.0,28026.0,277884.0,9361.0,396938.0,14413881.0,,6985457.05342726
United States,2011,1728.0,9285.0,4142125.0,4349571.0,344679.0,821405.0,6153.0,120854.0,181704.0,24606.0,278072.0,9537.0,388033.0,14449889.0,,6865397.90299948
United States,2012,1945.0,17687.0,4099686.0,4290660.0,298287.0,801129.0,10145.0,141922.0,181180.0,21813.0,273652.0,17050.0,382800.0,13874404.0,3856.0,6643010.57787319
United States,2013,13376.0,18268.0,4128465.0,4306371.0,290113.0,822004.0,15872.0,169713.0,180505.0,22538.0,245688.0,23308.0,383296.0,15156179.0,2649.0,6799979.30280136
